no,sname,ps,sd,sname2,ps2,sd2,cpl,cpl_inc625,cpl_inc718,sa,csfa,rfa,osize,oaflas,ohsn,css,cslw,ms,mlw,sw,trq
1,AGH LT (FS) Ext Hd ,338/338 ,0.68,Maximus Protector (FS) MaxJoint ,375/325/375 ,0.75,101154562,DNE ,DNE ,N/A ,N/A ,N/A ,N/A ,N/A ,N/A ,0068965 (6) ,0306993 (6) ,0118182 (6) ,0309740 (6) ,Sep-16,16
2,AGH LT Ext Hd ,387/387 ,0.87,Maximus Protector (FS) MaxJoint ,375/325/375 ,0.75,100354831 + shims ,DNE ,DNE ,N/A ,N/A ,N/A ,N/A ,N/A ,N/A ,0068965 (6) ,0306993 (6) ,0118182 (6) ,0309740 (6) ,Sep-16,16
3,AGH LT Ext Hd ,387/387 ,0.87,Maximus Protector UT (FS) MaxJoint ,387/387 ,0.87,100288502 + shims ,100567610 + shims ,100883087 + shims ,N/A ,N/A ,N/A ,N/A ,N/A ,N/A ,0068965 (6) ,0306993 (6) ,0118182 (6) ,0309740 (6) ,Sep-16,16
4,AGH LT Ext Hd ,387/387 ,0.87,Maximus Protector S/LT (FS) MaxJoint ,387/456 ,0.87,100288502 + shims ,100567610 + shims ,100883087 + shims ,N/A ,N/A ,N/A ,N/A ,N/A ,N/A ,0068965 (6) ,0306993 (6) ,0118182 (6) ,0309740 (6) ,Sep-16,16
5,AGH LT Ext Hd ,387/387 ,0.87,S & UT (FS) MaxJoint Maximus ProMotor ,387/456 ,0.87/1.18 ,100288502 + shims ,100567610 + shims ,100883087 + shims ,N/A ,N/A ,N/A ,N/A ,N/A ,N/A ,0068965 (6) ,0306993 (6) ,0118182 (6) ,0309740 (6) ,Sep-16,16
6,AGH LT Ext Hd ,387/387 ,0.87,Maximus Protector UT (FS) MaxJoint ,400/400 ,0.87,100288502 + shims ,100567610 + shims ,100883087 + shims ,N/A ,N/A ,N/A ,N/A ,N/A ,N/A ,0068965 (6) ,0306993 (6) ,0118182 (6) ,0309740 (6) ,Sep-16,16
7,AGH LT Ext Hd ,387/387 ,0.87,Maximus Protector S/LT (FS) MaxJoint ,400/456 ,0.87,100288502 + shims ,100567610 + shims ,100883087 + shims ,N/A ,N/A ,N/A ,N/A ,N/A ,N/A ,0068965 (6) ,0306993 (6) ,0118182 (6) ,0309740 (6) ,Sep-16,16
8,AGH LT Ext Hd ,387/387 ,0.87,Maximus Protector (FS) MaxJoint ,540/540 ,1.18,100758931 + shims ,DNE ,DNE ,N/A ,130443,492785,N/A ,N/A ,N/A ,0068973 (11) 0068965 (6) ,0307223 (11) 0306993 (6) ,0118190 (11) 0118182 (6) ,0310086 (11) 0309740 (6) ,9/16 5/8 ,16 26
9,AGH LT Ext Hd ,387/387 ,0.87,Maximus Protector (FS) MaxJoint ,540/562 ,1.18,100758931 + shims ,DNE ,DNE ,N/A ,130443,492785,N/A ,N/A ,N/A ,0068973 (11) 0068965 (6) ,0307223 (11) 0306993 (6) ,0118190 (11) 0118182 (6) ,0310086 (11) 0309740 (6) ,9/16 5/8 ,16 26
10,AGH LT Ext Hd ,400/400 ,0.87,Maximus Protector (FS) MaxJoint ,375/325/375 ,0.75,100354831 + shims ,DNE ,DNE ,N/A ,N/A ,N/A ,N/A ,N/A ,N/A ,0068965 (6) ,0306993 (6) ,0118182 (6) ,0309740 (6) ,Sep-16,16
11,AGH LT Ext Hd ,400/400 ,0.87,Maximus Protector UT (FS) MaxJoint ,387/387 ,0.87,100288502 + shims ,100567610 + shims ,100883087 + shims ,N/A ,N/A ,N/A ,N/A ,N/A ,N/A ,0068965 (6) ,0306993 (6) ,0118182 (6) ,0309740 (6) ,Sep-16,16
12,AGH LT Ext Hd ,400/400 ,0.87,Maximus Protector S/LT (FS) MaxJoint ,387/456 ,0.87,100288502 + shims ,100567610 + shims ,100883087 + shims ,N/A ,N/A ,N/A ,N/A ,N/A ,N/A ,0068965 (6) ,0306993 (6) ,0118182 (6) ,0309740 (6) ,Sep-16,16
13,AGH LT Ext Hd ,400/400 ,0.87,S & UT (FS) MaxJoint Maximus ProMotor ,387/456 ,0.87/1.18 ,100288502 + shims ,100567610 + shims ,100883087 + shims ,N/A ,N/A ,N/A ,N/A ,N/A ,N/A ,0068965 (6) ,0306993 (6) ,0118182 (6) ,0309740 (6) ,Sep-16,16
14,AGH LT Ext Hd ,400/400 ,0.87,Maximus Protector UT (FS) MaxJoint ,400/400 ,0.87,100288502 + shims ,100567610 + shims ,100883087 + shims ,N/A ,N/A ,N/A ,N/A ,N/A ,N/A ,0068965 (6) ,0306993 (6) ,0118182 (6) ,0309740 (6) ,Sep-16,16
15,AGH LT Ext Hd ,400/400 ,0.87,Maximus Protector S/LT (FS) MaxJoint ,400/456 ,0.87,100288502 + shims ,100567610 + shims ,100883087 + shims ,N/A ,N/A ,N/A ,N/A ,N/A ,N/A ,0068965 (6) ,0306993 (6) ,0118182 (6) ,0309740 (6) ,Sep-16,16
16,AGH LT Ext Hd ,400/400 ,0.87,Maximus Protector (FS) MaxJoint ,540/540 ,1.18,100758931 + shims ,DNE ,DNE ,N/A ,130443,492785,N/A ,N/A ,N/A ,0068973 (11) 0068965 (6) ,0307223 (11) 0306993 (6) ,0118190 (11) 0118182 (6) ,0310086 (11) 0309740 (6) ,9/16 5/8 ,16 26
17,AGH LT Ext Hd ,400/400 ,0.87,Maximus Protector (FS) MaxJoint ,540/562 ,1.18,100758931 + shims ,DNE ,DNE ,N/A ,130443,492785,N/A ,N/A ,N/A ,0068973 (11) 0068965 (6) ,0307223 (11) 0306993 (6) ,0118190 (11) 0118182 (6) ,0310086 (11) 0309740 (6) ,9/16 5/8 ,16 26
18,AGH LT (FS) ,538/540 ,1,Maximus Protector UT (FS) MaxJoint ,400/400 ,0.87,DNE ,DNE ,DNE ,N/A ,390369,889717,N/A ,N/A ,N/A ,0068973 (11) 0068965(6) ,0307223 (11) 0306993 (6) ,0118190 (11) 0118182 (6) ,0310086 (11) 0309740 (6) ,9/16 5/8 ,26 16
19,AGH LT (FS) ,538/540 ,1,Maximus Protector S/LT (FS) MaxJoint ,400/456 ,0.87,DNE ,DNE ,DNE ,N/A ,390369,889717,N/A ,N/A ,N/A ,0068973 (11) 0068965(6) ,0307223 (11) 0306993 (6) ,0118190 (11) 0118182 (6) ,0310086 (11) 0309740 (6) ,9/16 5/8 ,26 16
20,AGH LT (FS) ,538/540 ,1,Maximus Protector (FS) MaxJoint ,540/540 ,1.18,DNE ,DNE ,DNE ,N/A ,N/A ,N/A ,N/A ,N/A ,N/A ,0068973 (11) ,0307223 (11) ,0118190 (11) ,0310086 (11) ,05-Aug,26
21,AGH LT (FS) ,538/540 ,1,Maximus Protector (FS) MaxJoint ,540/562 ,1.18,DNE ,DNE ,DNE ,N/A ,N/A ,N/A ,N/A ,N/A ,N/A ,0068973 (11) ,0307223 (11) ,0118190 (11) ,0310086 (11) ,05-Aug,26
22,AGH LT ,540/540 ,1,Maximus Protector UT (FS) MaxJoint ,400/400 ,0.87,DNE ,DNE ,DNE ,N/A ,390369,889717,N/A ,N/A ,N/A ,0068973 (11) 0068965(6) ,0307223 (11) 0306993 (6) ,0118190 (11) 0118182 (6) ,0310086 (11) 0309740 (6) ,9/16 5/8 ,26 16
23,AGH LT ,540/540 ,1,Maximus Protector S/LT (FS) MaxJoint ,400/456 ,0.87,DNE ,DNE ,DNE ,N/A ,390369,889717,N/A ,N/A ,N/A ,0068973 (11) 0068965(6) ,0307223 (11) 0306993 (6) ,0118190 (11) 0118182 (6) ,0310086 (11) 0309740 (6) ,9/16 5/8 ,26 16
24,AGH LT ,540/540 ,1,Maximus Protector (FS) MaxJoint ,540/540 ,1.18,DNE ,DNE ,101441669 + shims ,N/A ,N/A ,N/A ,N/A ,N/A ,N/A ,0068973 (11) ,0307223 (11) ,0118190 (11) ,0310086 (11) ,05-Aug,26
25,AGH LT ,540/540 ,1,Maximus Protector (FS) MaxJoint ,540/562 ,1.18,DNE ,DNE ,101441669 + shims ,N/A ,N/A ,N/A ,N/A ,N/A ,N/A ,0068973 (11) ,0307223 (11) ,0118190 (11) ,0310086 (11) ,05-Aug,26
26,AGH LT ,562/540 ,1.18,Maximus Protector (FS) MaxJoint ,540/540 ,1.18,100280065 + shims ,DNE ,100910661 + shims ,N/A ,N/A ,N/A ,N/A ,N/A ,N/A ,0068973 (11) ,0307223 (11) ,0118190 (11) ,0310086 (11) ,05-Aug,26
27,AGH LT ,562/540 ,1.18,Maximus Protector (FS) MaxJoint ,540/562 ,1.18,100280065 + shims ,DNE ,100910661 + shims ,N/A ,N/A ,N/A ,N/A ,N/A ,N/A ,0068973 (11) ,0307223 (11) ,0118190 (11) ,0310086 (11) ,05-Aug,26
28,AGH LT ,675/562/540 ,1.18,Maximus Protector (FS) MaxJoint ,540/540 ,1.18,100280065 + shims ,DNE ,100910661 + shims ,N/A ,N/A ,N/A ,N/A ,N/A ,N/A ,0068973 (11) ,0307223 (11) ,0118190 (11) ,0310086 (11) ,05-Aug,26
29,AGH LT ,675/562/540 ,1.18,Maximus Protector (FS) MaxJoint ,540/562 ,1.18,100280065 + shims ,DNE ,100910661 + shims ,N/A ,N/A ,N/A ,N/A ,N/A ,N/A ,0068973 (11) ,0307223 (11) ,0118190 (11) ,0310086 (11) ,05-Aug,26
30,AGH LT ,725/562/540 ,1.18,Maximus Protector (FS) MaxJoint ,540/540 ,1.18,100280065 + shims ,DNE ,100910661 + shims ,N/A ,N/A ,N/A ,N/A ,N/A ,N/A ,0068973 (11) ,0307223 (11) ,0118190 (11) ,0310086 (11) ,05-Aug,26
31,AGH LT ,725/562/540 ,1.18,Maximus Protector (FS) MaxJoint ,540/562 ,1.18,100280065 + shims ,DNE ,100910661 + shims ,N/A ,N/A ,N/A ,N/A ,N/A ,N/A ,0068973 (11) ,0307223 (11) ,0118190 (11) ,0310086 (11) ,05-Aug,26
32,AGH LT ,862/562/540 ,1.18,Maximus Protector (FS) MaxJoint ,540/540 ,1.18,100280065 + shims ,DNE ,100910661 + shims ,N/A ,N/A ,N/A ,N/A ,N/A ,N/A ,0068973 (11) ,0307223 (11) ,0118190 (11) ,0310086 (11) ,05-Aug,26
33,AGH LT ,862/562/540 ,1.18,Maximus Protector (FS) MaxJoint ,540/562 ,1.18,100280065 + shims ,DNE ,100910661 + shims ,N/A ,N/A ,N/A ,N/A ,N/A ,N/A ,0068973 (11) ,0307223 (11) ,0118190 (11) ,0310086 (11) ,05-Aug,26
34,AGH LT ,862/562/738 ,1.18,Maximus Protector (FS) MaxJoint ,540/540 ,1.18,100772363 + shims ,DNE ,DNE ,N/A ,84293,892737,N/A ,N/A ,N/A ,0256503 (13) 0068973 (11) ,0307017 (13) 0307223 (11) ,0210484 (13) 0118190 (11) ,0310094 (13) 0310086 (11) ,13/16 5/8 ,60 26
35,AGH LT ,862/562/738 ,1.18,Maximus Protector (FS) MaxJoint ,540/562 ,1.18,100772363 + shims ,DNE ,DNE ,N/A ,84293,892737,N/A ,N/A ,N/A ,0256503 (13) 0068973 (11) ,0307017 (13) 0307223 (11) ,0210484 (13) 0118190 (11) ,0310094 (13) 0310086 (11) ,13/16 5/8 ,60 26
36,AGH LT ,862/738 ,1.37,Maximus Protector (FS) MaxJoint ,540/540 ,1.18,101016221,DNE ,DNE ,N/A ,84293,892737,N/A ,N/A ,N/A ,0256503 (13) 0068973 (11) ,0307017 (13) 0307223 (11) ,0210484 (13) 0118190 (11) ,0310094 (13) 0310086 (11) ,13/16 5/8 ,60 26
37,AGH LT ,862/738 ,1.37,Maximus Protector (FS) MaxJoint ,540/562 ,1.18,101016221,DNE ,DNE ,N/A ,84293,892737,N/A ,N/A ,N/A ,0256503 (13) 0068973 (11) ,0307017 (13) 0307223 (11) ,0210484 (13) 0118190 (11) ,0310094 (13) 0310086 (11) ,13/16 5/8 ,60 26
38,Intake ,338/375 ,0.68,Maximus Protector (FS) MaxJoint ,375/325/375 ,0.75,100358622 + shims ,100752614 + shims ,DNE ,N/A ,N/A ,N/A ,N/A ,N/A ,N/A ,0068965 (6) ,0306993 (6) ,0118182 (6) ,0309740 (6) ,Sep-16,16
39,Intake (FS) ,338/375 ,0.68,Maximus Protector (FS) MaxJoint ,375/325/375 ,0.75,101115870,101115871,DNE ,N/A ,N/A ,N/A ,N/A ,N/A ,N/A ,0068965 (6) ,0306993 (6) ,0118182 (6) ,0309740 (6) ,Sep-16,16
40,Intake ,387/387 ,0.87,Maximus Protector (FS) MaxJoint ,375/325/375 ,0.75,100354831,DNE ,DNE ,N/A ,N/A ,N/A ,N/A ,N/A ,N/A ,0068965 (6) ,0306993 (6) ,0118182 (6) ,0309740 (6) ,Sep-16,16
41,Intake (FS) ,387/387 ,0.87,Maximus Protector (FS) MaxJoint ,375/325/375 ,0.75,100895259,DNE ,DNE ,N/A ,N/A ,N/A ,N/A ,N/A ,N/A ,0068965 (6) ,0306993 (6) ,0118182 (6) ,0309740 (6) ,Sep-16,16
42,Intake ,387/387 ,0.87,Maximus Protector UT (FS) MaxJoint ,387/387 ,0.87,100288502 + shims ,100567610 + shims ,100883087 +shims ,N/A ,N/A ,N/A ,N/A ,N/A ,N/A ,0068965 (6) ,0306993 (6) ,0118182 (6) ,0309740 (6) ,Sep-16,16
43,Intake (FS) ,387/387 ,0.87,Maximus Protector UT (FS) MaxJoint ,387/387 ,0.87,100288502,100567610,100883087,N/A ,N/A ,N/A ,N/A ,N/A ,N/A ,0068965 (6) ,0306993 (6) ,0118182 (6) ,0309740 (6) ,Sep-16,16
44,Intake ,387/387 ,0.87,Maximus Protector S/LT (FS) MaxJoint ,387/456 ,0.87,100288502 + shims ,100567610 + shims ,100883087 +shims ,N/A ,N/A ,N/A ,N/A ,N/A ,N/A ,0068965 (6) ,0306993 (6) ,0118182 (6) ,0309740 (6) ,Sep-16,16
45,Intake (FS) ,387/387 ,0.87,Maximus Protector S/LT (FS) MaxJoint ,387/456 ,0.87,100288502,100567610,100883087,N/A ,N/A ,N/A ,N/A ,N/A ,N/A ,0068965 (6) ,0306993 (6) ,0118182 (6) ,0309740 (6) ,Sep-16,16
46,Intake ,387/387 ,0.87,Maximus ProMotor S & UT (FS) MaxJoint ,387/456 ,0.87/1.18 ,100288502 + shims ,100567610 + shims ,100883087 +shims ,N/A ,N/A ,N/A ,N/A ,N/A ,N/A ,0068965 (6) ,0306993 (6) ,0118182 (6) ,0309740 (6) ,Sep-16,16
47,Intake (FS) ,387/387 ,0.87,Maximus ProMotor S & UT (FS) MaxJoint ,387/456 ,0.87/1.18 ,100288502,100567610,100883087,N/A ,N/A ,N/A ,N/A ,N/A ,N/A ,0068965 (6) ,0306993 (6) ,0118182 (6) ,0309740 (6) ,Sep-16,16
48,Intake ,387/387 ,0.87,Maximus Protector UT (FS) MaxJoint ,400/400 ,0.87,100288502 + shims ,100567610 + shims ,100883087 +shims ,N/A ,N/A ,N/A ,N/A ,N/A ,N/A ,0068965 (6) ,0306993 (6) ,0118182 (6) ,0309740 (6) ,Sep-16,16
49,Intake (FS) ,387/387 ,0.87,Maximus Protector UT (FS) MaxJoint ,400/400 ,0.87,100288502,100567610,100883087,N/A ,N/A ,N/A ,N/A ,N/A ,N/A ,0068965 (6) ,0306993 (6) ,0118182 (6) ,0309740 (6) ,Sep-16,16
50,Intake ,387/387 ,0.87,Maximus Protector S/LT (FS) MaxJoint ,400/456 ,0.87,100288502 + shims ,100567610 + shims ,100883087 +shims ,N/A ,N/A ,N/A ,N/A ,N/A ,N/A ,0068965 (6) ,0306993 (6) ,0118182 (6) ,0309740 (6) ,Sep-16,16
51,Intake (FS) ,387/387 ,0.87,Maximus Protector S/LT (FS) MaxJoint ,400/456 ,0.87,100288502,100567610,100883087,N/A ,N/A ,N/A ,N/A ,N/A ,N/A ,0068965 (6) ,0306993 (6) ,0118182 (6) ,0309740 (6) ,Sep-16,16
52,Intake ,400/400 ,0.87,Maximus Protector (FS) MaxJoint ,375/325/375 ,0.75,100354831,DNE ,DNE ,N/A ,N/A ,N/A ,N/A ,N/A ,N/A ,0068965 (6) ,0306993 (6) ,0118182 (6) ,0309740 (6) ,Sep-16,16
53,Intake Ext Hd ,400/400 ,0.87,Maximus Protector (FS) MaxJoint ,375/325/375 ,0.75,100354831,DNE ,DNE ,N/A ,N/A ,N/A ,N/A ,N/A ,N/A ,0068965 (6) ,0306993 (6) ,0118182 (6) ,0309740 (6) ,Sep-16,16
54,Intake (FS) ,400/400 ,0.87,Maximus Protector (FS) MaxJoint ,375/325/375 ,0.75,100895259,DNE ,DNE ,N/A ,N/A ,N/A ,N/A ,N/A ,N/A ,0068965 (6) ,0306993 (6) ,0118182 (6) ,0309740 (6) ,Sep-16,16
55,Intake (FS) Ext Hd ,400/400 ,0.87,Maximus Protector (FS) MaxJoint ,375/325/375 ,0.75,100895259,DNE ,DNE ,N/A ,N/A ,N/A ,N/A ,N/A ,N/A ,0068965 (6) ,0306993 (6) ,0118182 (6) ,0309740 (6) ,Sep-16,16
56,Intake ,400/400 ,0.87,Maximus Protector UT (FS) MaxJoint ,387/387 ,0.87,100288502 + shims ,100567610 + shims ,100883087 +shims ,N/A ,N/A ,N/A ,N/A ,N/A ,N/A ,0068965 (6) ,0306993 (6) ,0118182 (6) ,0309740 (6) ,Sep-16,16
57,Intake Ext Hd ,400/400 ,0.87,Maximus Protector UT (FS) MaxJoint ,387/387 ,0.87,100288502 + shims ,100567610 + shims ,100883087 +shims ,N/A ,N/A ,N/A ,N/A ,N/A ,N/A ,0068965 (6) ,0306993 (6) ,0118182 (6) ,0309740 (6) ,Sep-16,16
58,Intake (FS) ,400/400 ,0.87,Maximus Protector UT (FS) MaxJoint ,387/387 ,0.87,100288502,100567610,100883087,N/A ,N/A ,N/A ,N/A ,N/A ,N/A ,0068965 (6) ,0306993 (6) ,0118182 (6) ,0309740 (6) ,Sep-16,16
59,Intake (FS) Ext Hd ,400/400 ,0.87,Maximus Protector UT (FS) MaxJoint ,387/387 ,0.87,100288502,100567610,100883087,N/A ,N/A ,N/A ,N/A ,N/A ,N/A ,0068965 (6) ,0306993 (6) ,0118182 (6) ,0309740 (6) ,Sep-16,16
60,Intake ,400/400 ,0.87,Maximus Protector S/LT (FS) MaxJoint ,387/456 ,0.87,100288502 + shims ,100567610 + shims ,100883087 +shims ,N/A ,N/A ,N/A ,N/A ,N/A ,N/A ,0068965 (6) ,0306993 (6) ,0118182 (6) ,0309740 (6) ,Sep-16,16
61,Intake Ext Hd ,400/400 ,0.87,Maximus Protector S/LT (FS) MaxJoint ,387/456 ,0.87,100288502 + shims ,100567610 + shims ,100883087 +shims ,N/A ,N/A ,N/A ,N/A ,N/A ,N/A ,0068965 (6) ,0306993 (6) ,0118182 (6) ,0309740 (6) ,Sep-16,16
62,Intake (FS) ,400/400 ,0.87,Maximus Protector S/LT (FS) MaxJoint ,387/456 ,0.87,100288502,100567610,100883087,N/A ,N/A ,N/A ,N/A ,N/A ,N/A ,0068965 (6) ,0306993 (6) ,0118182 (6) ,0309740 (6) ,Sep-16,16
63,Intake (FS) Ext Hd ,400/400 ,0.87,Maximus Protector S/LT (FS) MaxJoint ,387/456 ,0.87,100288502,100567610,100883087,N/A ,N/A ,N/A ,N/A ,N/A ,N/A ,0068965 (6) ,0306993 (6) ,0118182 (6) ,0309740 (6) ,Sep-16,16
64,Intake ,400/400 ,0.87,Maximus ProMotor S & UT (FS) MaxJoint ,387/456 ,0.87/1.18 ,100288502 + shims ,100567610 + shims ,100883087 +shims ,N/A ,N/A ,N/A ,N/A ,N/A ,N/A ,0068965 (6) ,0306993 (6) ,0118182 (6) ,0309740 (6) ,Sep-16,16
65,Intake Ext Hd ,400/400 ,0.87,S & UT (FS) MaxJoint Maximus ProMotor ,387/456 ,0.87/1.18 ,100288502 + shims ,100567610 + shims ,100883087 +shims ,N/A ,N/A ,N/A ,N/A ,N/A ,N/A ,0068965 (6) ,0306993 (6) ,0118182 (6) ,0309740 (6) ,Sep-16,16
66,Intake (FS) ,400/400 ,0.87,Maximus ProMotor S & UT (FS) MaxJoint ,387/456 ,0.87/1.18 ,100288502,100567610,100883087,N/A ,N/A ,N/A ,N/A ,N/A ,N/A ,0068965 (6) ,0306993 (6) ,0118182 (6) ,0309740 (6) ,Sep-16,16
67,Intake (FS) Ext Hd ,400/400 ,0.87,S & UT (FS) MaxJoint Maximus ProMotor ,387/456 ,0.87/1.18 ,100288502,100567610,100883087,N/A ,N/A ,N/A ,N/A ,N/A ,N/A ,0068965 (6) ,0306993 (6) ,0118182 (6) ,0309740 (6) ,Sep-16,16
68,Intake ,400/400 ,0.87,Maximus Protector UT (FS) MaxJoint ,400/400 ,0.87,100288502 + shims ,100567610 + shims ,100883087 +shims ,N/A ,N/A ,N/A ,N/A ,N/A ,N/A ,0068965 (6) ,0306993 (6) ,0118182 (6) ,0309740 (6) ,Sep-16,16
69,Intake Ext Hd ,400/400 ,0.87,Maximus Protector UT (FS) MaxJoint ,400/400 ,0.87,100288502 + shims ,100567610 + shims ,100883087 +shims ,N/A ,N/A ,N/A ,N/A ,N/A ,N/A ,0068965 (6) ,0306993 (6) ,0118182 (6) ,0309740 (6) ,Sep-16,16
70,Intake (FS) ,400/400 ,0.87,Maximus Protector UT (FS) MaxJoint ,400/400 ,0.87,100288502,100567610,100883087,N/A ,N/A ,N/A ,N/A ,N/A ,N/A ,0068965 (6) ,0306993 (6) ,0118182 (6) ,0309740 (6) ,Sep-16,16
71,Intake Ext Hd (FS) ,400/400 ,0.87,Maximus Protector UT (FS) MaxJoint ,400/400 ,0.87,100288502,100567610,100883087,N/A ,N/A ,N/A ,N/A ,N/A ,N/A ,0068965 (6) ,0306993 (6) ,0118182 (6) ,0309740 (6) ,Sep-16,16
72,Intake ,400/400 ,0.87,Maximus Protector S/LT (FS) MaxJoint ,400/456 ,0.87,100288502 + shims ,100567610 + shims ,100883087 +shims ,N/A ,N/A ,N/A ,N/A ,N/A ,N/A ,0068965 (6) ,0306993 (6) ,0118182 (6) ,0309740 (6) ,Sep-16,16
73,Intake Ext Hd ,400/400 ,0.87,Maximus Protector S/LT (FS) MaxJoint ,400/456 ,0.87,100288502 + shims ,100567610 + shims ,100883087 +shims ,N/A ,N/A ,N/A ,N/A ,N/A ,N/A ,0068965 (6) ,0306993 (6) ,0118182 (6) ,0309740 (6) ,Sep-16,16
74,Intake (FS) ,400/400 ,0.87,Maximus Protector S/LT (FS) MaxJoint ,400/456 ,0.87,100288502,100567610,100883087,N/A ,N/A ,N/A ,N/A ,N/A ,N/A ,0068965 (6) ,0306993 (6) ,0118182 (6) ,0309740 (6) ,Sep-16,16
75,Intake Ext Hd (FS) ,400/400 ,0.87,Maximus Protector S/LT (FS) MaxJoint ,400/456 ,0.87,100288502,100567610,100883087,N/A ,N/A ,N/A ,N/A ,N/A ,N/A ,0068965 (6) ,0306993 (6) ,0118182 (6) ,0309740 (6) ,Sep-16,16
76,Intake ,400/400 ,0.87,Maximus Protector (FS) MaxJoint ,540/540 ,1.18,100758931 + shims ,DNE ,DNE ,N/A ,130443,492785,N/A ,N/A ,N/A ,0068973 (11) 0068965 (6) ,0307223 (11) 0306993 (6) ,0118190 (11) 0118182 (6) ,0310086 (11) 0309740 (6) ,9/16 5/8 ,16 26
77,Intake Ext Hd ,400/400 ,0.87,Maximus Protector (FS) MaxJoint ,540/540 ,1.18,100758931 + shims ,DNE ,DNE ,N/A ,130443,492785,N/A ,N/A ,N/A ,0068973 (11) 0068965 (6) ,0307223 (11) 0306993 (6) ,0118190 (11) 0118182 (6) ,0310086 (11) 0309740 (6) ,9/16 5/8 ,16 26
78,Intake (FS) ,400/400 ,0.87,Maximus Protector (FS) MaxJoint ,540/540 ,1.18,100758931,DNE ,DNE ,N/A ,130443,492785,N/A ,N/A ,N/A ,0068973 (11) 0068965 (6) ,0307223 (11) 0306993 (6) ,0118190 (11) 0118182 (6) ,0310086 (11) 0309740 (6) ,9/16 5/8 ,16 26
79,Intake Ext Hd (FS) ,400/400 ,0.87,Maximus Protector (FS) MaxJoint ,540/540 ,1.18,100758931,DNE ,DNE ,N/A ,130443,492785,N/A ,N/A ,N/A ,0068973 (11) 0068965 (6) ,0307223 (11) 0306993 (6) ,0118190 (11) 0118182 (6) ,0310086 (11) 0309740 (6) ,9/16 5/8 ,16 26
80,Intake ,400/400 ,0.87,Maximus Protector (FS) MaxJoint ,540/562 ,1.18,100758931 + shims ,DNE ,DNE ,N/A ,130443,492785,N/A ,N/A ,N/A ,0068973 (11) 0068965 (6) ,0307223 (11) 0306993 (6) ,0118190 (11) 0118182 (6) ,0310086 (11) 0309740 (6) ,9/16 5/8 ,16 26
81,Intake Ext Hd ,400/400 ,0.87,Maximus Protector (FS) MaxJoint ,540/562 ,1.18,100758931 + shims ,DNE ,DNE ,N/A ,130443,492785,N/A ,N/A ,N/A ,0068973 (11) 0068965 (6) ,0307223 (11) 0306993 (6) ,0118190 (11) 0118182 (6) ,0310086 (11) 0309740 (6) ,9/16 5/8 ,16 26
82,Intake (FS) ,400/400 ,0.87,Maximus Protector (FS) MaxJoint ,540/562 ,1.18,100758931,DNE ,DNE ,N/A ,130443,492785,N/A ,N/A ,N/A ,0068973 (11) 0068965 (6) ,0307223 (11) 0306993 (6) ,0118190 (11) 0118182 (6) ,0310086 (11) 0309740 (6) ,9/16 5/8 ,16 26
83,Intake Ext Hd (FS) ,400/400 ,0.87,Maximus Protector (FS) MaxJoint ,540/562 ,1.18,100758931,DNE ,DNE ,N/A ,130443,492785,N/A ,N/A ,N/A ,0068973 (11) 0068965 (6) ,0307223 (11) 0306993 (6) ,0118190 (11) 0118182 (6) ,0310086 (11) 0309740 (6) ,9/16 5/8 ,16 26
84,Intake ,400/540 ,0.87,Maximus Protector (FS) MaxJoint ,540/540 ,1.18,100861269 + shims ,DNE ,DNE ,N/A ,N/A ,N/A ,N/A ,N/A ,N/A ,0068973 (11) ,0307223 (11) ,0118190 (11) ,0310086 (11) ,05-Aug,26
85,Intake (FS) ,400/540 ,0.87,Maximus Protector (FS) MaxJoint ,540/540 ,1.18,100861269,DNE ,DNE ,N/A ,N/A ,N/A ,N/A ,N/A ,N/A ,0068973 (11) ,0307223 (11) ,0118190 (11) ,0310086 (11) ,05-Aug,26
86,Intake ,400/540 ,0.87,Maximus Protector (FS) MaxJoint ,540/562 ,1.18,100861269 + shims ,DNE ,DNE ,N/A ,N/A ,N/A ,N/A ,N/A ,N/A ,0068973 (11) ,0307223 (11) ,0118190 (11) ,0310086 (11) ,05-Aug,26
87,Intake (FS) ,400/540 ,0.87,Maximus Protector (FS) MaxJoint ,540/562 ,1.18,100861269,DNE ,DNE ,N/A ,N/A ,N/A ,N/A ,N/A ,N/A ,0068973 (11) ,0307223 (11) ,0118190 (11) ,0310086 (11) ,05-Aug,26
88,Intake ,540/400 ,0.87,Maximus Protector UT (FS) MaxJoint ,400/400 ,0.87,100288502 + shims ,100567610 + shims ,100883087 +shims ,N/A ,N/A ,N/A ,N/A ,N/A ,N/A ,0068965 (6) ,0306993 (6) ,0118182 (6) ,0309740 (6) ,Sep-16,16
89,Intake ,540/400 ,0.87,Maximus Protector S/LT (FS) MaxJoint ,400/456 ,0.87,100288502 + shims ,100567610 + shims ,100883087 +shims ,N/A ,N/A ,N/A ,N/A ,N/A ,N/A ,0068965 (6) ,0306993 (6) ,0118182 (6) ,0309740 (6) ,Sep-16,16
90,Intake ,540/540 ,1.18,Maximus Protector UT (FS) MaxJoint ,400/400 ,0.87,101399628 + shims ,DNE ,101399639 + shim ,N/A ,390369,889717,N/A ,N/A ,N/A ,0068973 (11) 0068965(6) ,0307223 (11) 0306993 (6) ,0118190 (11) 0118182 (6) ,0310086 (11) 0309740 (6) ,9/16 5/8 ,26 16
91,Intake (FS) ,540/540 ,1.18,Maximus Protector UT (FS) MaxJoint ,400/400 ,0.87,101399628,DNE ,101399639,N/A ,390369,889717,N/A ,N/A ,N/A ,0068973 (11) 0068965(6) ,0307223 (11) 0306993 (6) ,0118190 (11) 0118182 (6) ,0310086 (11) 0309740 (6) ,9/16 5/8 ,26 16
92,Intake ,540/540 ,1.18,Maximus Protector S/LT (FS) MaxJoint ,400/456 ,0.87,101399628 + shims ,DNE ,101399639 + shim ,N/A ,390369,889717,N/A ,N/A ,N/A ,0068973 (11) 0068965(6) ,0307223 (11) 0306993 (6) ,0118190 (11) 0118182 (6) ,0310086 (11) 0309740 (6) ,9/16 5/8 ,26 16
93,Intake (FS) ,540/540 ,1.18,Maximus Protector S/LT (FS) MaxJoint ,400/456 ,0.87,101399628,DNE ,101399639,N/A ,390369,889717,N/A ,N/A ,N/A ,0068973 (11) 0068965(6) ,0307223 (11) 0306993 (6) ,0118190 (11) 0118182 (6) ,0310086 (11) 0309740 (6) ,9/16 5/8 ,26 16
94,Intake ,540/540 ,1.18,Maximus Protector (FS) MaxJoint ,540/540 ,1.18,100280065 + shims ,DNE ,100910661 + shims ,N/A ,N/A ,N/A ,N/A ,N/A ,N/A ,0068973 (11) ,0307223 (11) ,0118190 (11) ,0310086 (11) ,05-Aug,26
95,Intake (FS) ,540/540 ,1.18,Maximus Protector (FS) MaxJoint ,540/540 ,1.18,100858114,101341068,DNE ,N/A ,N/A ,N/A ,N/A ,N/A ,N/A ,0068973 (11) ,0307223 (11) ,0118190 (11) ,0310086 (11) ,05-Aug,26
96,Intake ,540/540 ,1.18,Maximus Protector (FS) MaxJoint ,540/562 ,1.18,100280065 + shims ,DNE ,100910661 + shims ,N/A ,N/A ,N/A ,N/A ,N/A ,N/A ,0068973 (11) ,0307223 (11) ,0118190 (11) ,0310086 (11) ,05-Aug,26
97,Intake (FS) ,540/540 ,1.18,Maximus Protector (FS) MaxJoint ,540/562 ,1.18,100858114,101341068,DNE ,N/A ,N/A ,N/A ,N/A ,N/A ,N/A ,0068973 (11) ,0307223 (11) ,0118190 (11) ,0310086 (11) ,05-Aug,26
98,Intake ,562/540 ,1.18,Maximus Protector (FS) MaxJoint ,540/540 ,1.18,100280065 + shims ,DNE ,100910661 + shims ,N/A ,N/A ,N/A ,N/A ,N/A ,N/A ,0068973 (11) ,0307223 (11) ,0118190 (11) ,0310086 (11) ,05-Aug,26
99,Intake (FS) ,562/540 ,1.18,Maximus Protector (FS) MaxJoint ,540/540 ,1.18,100858114,101341068,DNE ,N/A ,N/A ,N/A ,N/A ,N/A ,N/A ,0068973 (11) ,0307223 (11) ,0118190 (11) ,0310086 (11) ,05-Aug,26
100,Intake ,562/540 ,1.18,Maximus Protector (FS) MaxJoint ,540/562 ,1.18,100280065 + shims ,DNE ,100910661 + shims ,N/A ,N/A ,N/A ,N/A ,N/A ,N/A ,0068973 (11) ,0307223 (11) ,0118190 (11) ,0310086 (11) ,05-Aug,26
101,Intake (FS) ,562/540 ,1.18,Maximus Protector (FS) MaxJoint ,540/562 ,1.18,100858114,101341068,DNE ,N/A ,N/A ,N/A ,N/A ,N/A ,N/A ,0068973 (11) ,0307223 (11) ,0118190 (11) ,0310086 (11) ,05-Aug,26
102,Intake ,675/540 ,1.18,Maximus Protector (FS) MaxJoint ,540/540 ,1.18,100280065 + shims ,DNE ,100910661 + shims ,N/A ,N/A ,N/A ,N/A ,N/A ,N/A ,0068973 (11) ,0307223 (11) ,0118190 (11) ,0310086 (11) ,05-Aug,26
103,Intake (FS) ,675/540 ,1.18,Maximus Protector (FS) MaxJoint ,540/540 ,1.18,100280065,DNE ,DNE ,N/A ,N/A ,N/A ,N/A ,N/A ,N/A ,0068973 (11) ,0307223 (11) ,0118190 (11) ,0310086 (11) ,05-Aug,26
104,Intake ,675/540 ,1.18,Maximus Protector (FS) MaxJoint ,540/562 ,1.18,100280065 + shims ,DNE ,100910661 + shims ,N/A ,N/A ,N/A ,N/A ,N/A ,N/A ,0068973 (11) ,0307223 (11) ,0118190 (11) ,0310086 (11) ,05-Aug,26
105,Intake (FS) ,675/540 ,1.18,Maximus Protector (FS) MaxJoint ,540/562 ,1.18,100280065,DNE ,100910661,N/A ,N/A ,N/A ,N/A ,N/A ,N/A ,0068973 (11) ,0307223 (11) ,0118190 (11) ,0310086 (11) ,05-Aug,26
106,Gas Separator ,338/375 ,0.68,Maximus Protector (FS) MaxJoint ,375/325/375 ,0.75,100358622 + shims ,100752614 + shims ,DNE ,N/A ,N/A ,N/A ,N/A ,N/A ,N/A ,0068965 (6) ,0306993 (6) ,0118182 (6) ,0309740 (6) ,Sep-16,16
107,Gas Separator (FS) ,338/375 ,0.68,Maximus Protector (FS) MaxJoint ,375/325/375 ,0.75,101115870,101115871,DNE ,N/A ,N/A ,N/A ,N/A ,N/A ,N/A ,0068965 (6) ,0306993 (6) ,0118182 (6) ,0309740 (6) ,Sep-16,16
108,Gas Separator ,387/387 ,0.87,Maximus Protector (FS) MaxJoint ,375/325/375 ,0.75,100354831,DNE ,DNE ,N/A ,N/A ,N/A ,N/A ,N/A ,N/A ,0068965 (6) ,0306993 (6) ,0118182 (6) ,0309740 (6) ,Sep-16,16
109,Gas Separator (FS) ,387/387 ,0.87,Maximus Protector (FS) MaxJoint ,375/325/375 ,0.75,100895259,DNE ,DNE ,N/A ,N/A ,N/A ,N/A ,N/A ,N/A ,0068965 (6) ,0306993 (6) ,0118182 (6) ,0309740 (6) ,Sep-16,16
110,Gas Separator ,387/387 ,0.87,Maximus Protector UT (FS) MaxJoint ,387/387 ,0.87,100288502 + shims ,100567610 + shims ,100883087 +shims ,N/A ,N/A ,N/A ,N/A ,N/A ,N/A ,0068965 (6) ,0306993 (6) ,0118182 (6) ,0309740 (6) ,Sep-16,16
111,Gas Separator (FS) ,387/387 ,0.87,Maximus Protector UT (FS) MaxJoint ,387/387 ,0.87,100288502,100567610,100883087,N/A ,N/A ,N/A ,N/A ,N/A ,N/A ,0068965 (6) ,0306993 (6) ,0118182 (6) ,0309740 (6) ,Sep-16,16
112,Gas Separator Ext Hd ,387/387 ,0.87,Maximus Protector UT (FS) MaxJoint ,387/387 ,0.87,100288502 + shims ,100567610 + shims ,100883087 +shims ,N/A ,N/A ,N/A ,N/A ,N/A ,N/A ,0068965 (6) ,0306993 (6) ,0118182 (6) ,0309740 (6) ,Sep-16,16
113,Gas Separator Ext Hd (FS) ,387/387 ,0.87,Maximus Protector UT (FS) MaxJoint ,387/387 ,0.87,100288502,100567610,100883087,N/A ,N/A ,N/A ,N/A ,N/A ,N/A ,0068965 (6) ,0306993 (6) ,0118182 (6) ,0309740 (6) ,Sep-16,16
114,Gas Separator ,387/387 ,0.87,Maximus Protector S/LT (FS) MaxJoint ,387/456 ,0.87,100288502 + shims ,100567610 + shims ,100883087 +shims ,N/A ,N/A ,N/A ,N/A ,N/A ,N/A ,0068965 (6) ,0306993 (6) ,0118182 (6) ,0309740 (6) ,Sep-16,16
115,Gas Separator (FS) ,387/387 ,0.87,Maximus Protector S/LT (FS) MaxJoint ,387/456 ,0.87,100288502,100567610,100883087,N/A ,N/A ,N/A ,N/A ,N/A ,N/A ,0068965 (6) ,0306993 (6) ,0118182 (6) ,0309740 (6) ,Sep-16,16
116,Gas Separator Ext Hd ,387/387 ,0.87,Maximus Protector S/LT (FS) MaxJoint ,387/456 ,0.87,100288502 + shims ,100567610 + shims ,100883087 +shims ,N/A ,N/A ,N/A ,N/A ,N/A ,N/A ,0068965 (6) ,0306993 (6) ,0118182 (6) ,0309740 (6) ,Sep-16,16
117,Gas Separator Ext Hd (FS) ,387/387 ,0.87,Maximus Protector S/LT (FS) MaxJoint ,387/456 ,0.87,100288502,100567610,100883087,N/A ,N/A ,N/A ,N/A ,N/A ,N/A ,0068965 (6) ,0306993 (6) ,0118182 (6) ,0309740 (6) ,Sep-16,16
118,Gas Separator ,387/387 ,0.87,Maximus ProMotor S & UT (FS) MaxJoint ,387/456 ,0.87/1.18 ,100288502 + shims ,100567610 + shims ,100883087 +shims ,N/A ,N/A ,N/A ,N/A ,N/A ,N/A ,0068965 (6) ,0306993 (6) ,0118182 (6) ,0309740 (6) ,Sep-16,16
119,Gas Separator (FS) ,387/387 ,0.87,S & UT (FS) MaxJoint Maximus ProMotor ,387/456 ,0.87/1.18 ,100288502,100567610,100883087,N/A ,N/A ,N/A ,N/A ,N/A ,N/A ,0068965 (6) ,0306993 (6) ,0118182 (6) ,0309740 (6) ,Sep-16,16
120,Gas Separator Ext Hd ,387/387 ,0.87,S & UT (FS) MaxJoint Maximus ProMotor ,387/456 ,0.87/1.18 ,100288502 + shims ,100567610 + shims ,100883087 +shims ,N/A ,N/A ,N/A ,N/A ,N/A ,N/A ,0068965 (6) ,0306993 (6) ,0118182 (6) ,0309740 (6) ,Sep-16,16
121,Gas Separator Ext Hd (FS) ,387/387 ,0.87,S & UT (FS) MaxJoint Maximus ProMotor ,387/456 ,0.87/1.18 ,100288502,100567610,100883087,N/A ,N/A ,N/A ,N/A ,N/A ,N/A ,0068965 (6) ,0306993 (6) ,0118182 (6) ,0309740 (6) ,Sep-16,16
122,Gas Separator ,387/387 ,0.87,Maximus Protector UT (FS) MaxJoint ,400/400 ,0.87,100288502 + shims ,100567610 + shims ,100883087 +shims ,N/A ,N/A ,N/A ,N/A ,N/A ,N/A ,0068965 (6) ,0306993 (6) ,0118182 (6) ,0309740 (6) ,Sep-16,16
123,Gas Separator (FS) ,387/387 ,0.87,Maximus Protector UT (FS) MaxJoint ,400/400 ,0.87,100288502,100567610,100883087,N/A ,N/A ,N/A ,N/A ,N/A ,N/A ,0068965 (6) ,0306993 (6) ,0118182 (6) ,0309740 (6) ,Sep-16,16
124,Gas Separator Ext Hd ,387/387 ,0.87,Maximus Protector UT (FS) MaxJoint ,400/400 ,0.87,100288502 + shims ,100567610 + shims ,100883087 +shims ,N/A ,N/A ,N/A ,N/A ,N/A ,N/A ,0068965 (6) ,0306993 (6) ,0118182 (6) ,0309740 (6) ,Sep-16,16
125,Gas Separator Ext Hd (FS) ,387/387 ,0.87,Maximus Protector UT (FS) MaxJoint ,400/400 ,0.87,100288502,100567610,100883087,N/A ,N/A ,N/A ,N/A ,N/A ,N/A ,0068965 (6) ,0306993 (6) ,0118182 (6) ,0309740 (6) ,Sep-16,16
126,Gas Separator ,387/387 ,0.87,Maximus Protector S/LT (FS) MaxJoint ,400/456 ,0.87,100288502 + shims ,100567610 + shims ,100883087 +shims ,N/A ,N/A ,N/A ,N/A ,N/A ,N/A ,0068965 (6) ,0306993 (6) ,0118182 (6) ,0309740 (6) ,Sep-16,16
127,Gas Separator (FS) ,387/387 ,0.87,Maximus Protector S/LT (FS) MaxJoint ,400/456 ,0.87,100288502,100567610,100883087,N/A ,N/A ,N/A ,N/A ,N/A ,N/A ,0068965 (6) ,0306993 (6) ,0118182 (6) ,0309740 (6) ,Sep-16,16
128,Gas Separator Ext Hd ,387/387 ,0.87,Maximus Protector S/LT (FS) MaxJoint ,400/456 ,0.87,100288502 + shims ,100567610 + shims ,100883087 +shims ,N/A ,N/A ,N/A ,N/A ,N/A ,N/A ,0068965 (6) ,0306993 (6) ,0118182 (6) ,0309740 (6) ,Sep-16,16
129,Gas Separator Ext Hd (FS) ,387/387 ,0.87,Maximus Protector S/LT (FS) MaxJoint ,400/456 ,0.87,100288502,100567610,100883087,N/A ,N/A ,N/A ,N/A ,N/A ,N/A ,0068965 (6) ,0306993 (6) ,0118182 (6) ,0309740 (6) ,Sep-16,16
130,Gas Separator ,400/375 ,0.87,Maximus Protector (FS) MaxJoint ,375/325/375 ,0.75,100354831,DNE ,DNE ,N/A ,N/A ,N/A ,N/A ,N/A ,N/A ,0068965 (6) ,0306993 (6) ,0118182 (6) ,0309740 (6) ,Sep-16,16
131,Gas Separator (FS) ,400/375 ,0.87,Maximus Protector (FS) MaxJoint ,375/325/375 ,0.75,100895259,DNE ,DNE ,N/A ,N/A ,N/A ,N/A ,N/A ,N/A ,0068965 (6) ,0306993 (6) ,0118182 (6) ,0309740 (6) ,Sep-16,16
132,Gas Separator ,400/400 ,0.87,Maximus Protector (FS) MaxJoint ,375/325/375 ,0.75,100354831,DNE ,DNE ,N/A ,N/A ,N/A ,N/A ,N/A ,N/A ,0068965 (6) ,0306993 (6) ,0118182 (6) ,0309740 (6) ,Sep-16,16
133,Gas Separator (FS) ,400/400 ,0.87,Maximus Protector (FS) MaxJoint ,375/325/375 ,0.75,100895259,DNE ,DNE ,N/A ,N/A ,N/A ,N/A ,N/A ,N/A ,0068965 (6) ,0306993 (6) ,0118182 (6) ,0309740 (6) ,Sep-16,16
134,Gas Separator ,400/400 ,0.87,Maximus Protector UT (FS) MaxJoint ,400/400 ,0.87,100288502 + shims ,100567610 + shims ,100883087 +shims ,N/A ,N/A ,N/A ,N/A ,N/A ,N/A ,0068965 (6) ,0306993 (6) ,0118182 (6) ,0309740 (6) ,Sep-16,16
135,Gas Separator Ext Hd (FS) ,400/400 ,0.87,Maximus Protector UT (FS) MaxJoint ,400/400 ,0.87,100288502,100567610,100883087,N/A ,N/A ,N/A ,N/A ,N/A ,N/A ,0068965 (6) ,0306993 (6) ,0118182 (6) ,0309740 (6) ,Sep-16,16
136,Gas Separator ,400/400 ,0.87,Maximus Protector S/LT (FS) MaxJoint ,400/456 ,0.87,100288502 + shims ,100567610 + shims ,100883087 +shims ,N/A ,N/A ,N/A ,N/A ,N/A ,N/A ,0068965 (6) ,0306993 (6) ,0118182 (6) ,0309740 (6) ,Sep-16,16
137,Gas Separator Ext Hd (FS) ,400/400 ,0.87,Maximus Protector S/LT (FS) MaxJoint ,400/456 ,0.87,100288502,100567610,100883087,N/A ,N/A ,N/A ,N/A ,N/A ,N/A ,0068965 (6) ,0306993 (6) ,0118182 (6) ,0309740 (6) ,Sep-16,16
138,Gas Separator ,400/400 ,0.87,Maximus Protector (FS) MaxJoint ,540/540 ,1.18,100758931 + shims ,DNE ,DNE ,N/A ,130443,492785,N/A ,N/A ,N/A ,0068973 (11) 0068965 (6) ,0307223 (11) 0306993 (6) ,0118190 (11) 0118182 (6) ,0310086 (11) 0309740 (6) ,9/16 5/8 ,16 26
139,Gas Separator ,400/400 ,0.87,Maximus Protector (FS) MaxJoint ,540/562 ,1.18,100758931 + shims ,DNE ,DNE ,N/A ,130443,492785,N/A ,N/A ,N/A ,0068973 (11) 0068965 (6) ,0307223 (11) 0306993 (6) ,0118190 (11) 0118182 (6) ,0310086 (11) 0309740 (6) ,9/16 5/8 ,16 26
140,Gas Separator Ext Hd ,400/400 ,0.87,Maximus Protector (FS) MaxJoint ,540/540 ,1.18,100758931 + shims ,DNE ,DNE ,N/A ,130443,492785,N/A ,N/A ,N/A ,0068973 (11) 0068965 (6) ,0307223 (11) 0306993 (6) ,0118190 (11) 0118182 (6) ,0310086 (11) 0309740 (6) ,9/16 5/8 ,16 26
141,Gas Separator Ext Hd ,400/400 ,0.87,Maximus Protector (FS) MaxJoint ,540/562 ,1.18,100758931 + shims ,DNE ,DNE ,N/A ,130443,492785,N/A ,N/A ,N/A ,0068973 (11) 0068965 (6) ,0307223 (11) 0306993 (6) ,0118190 (11) 0118182 (6) ,0310086 (11) 0309740 (6) ,9/16 5/8 ,16 26
142,Gas Separator (FS) ,400/400 ,0.87,Maximus Protector (FS) MaxJoint ,540/540 ,1.18,100758931,DNE ,DNE ,N/A ,130443,492785,N/A ,N/A ,N/A ,0068973 (11) 0068965 (6) ,0307223 (11) 0306993 (6) ,0118190 (11) 0118182 (6) ,0310086 (11) 0309740 (6) ,9/16 5/8 ,16 26
143,Gas Separator (FS) ,400/400 ,0.87,Maximus Protector (FS) MaxJoint ,540/562 ,1.18,100758931,DNE ,DNE ,N/A ,130443,492785,N/A ,N/A ,N/A ,0068973 (11) 0068965 (6) ,0307223 (11) 0306993 (6) ,0118190 (11) 0118182 (6) ,0310086 (11) 0309740 (6) ,9/16 5/8 ,16 26
144,Gas Separator Ext Hd (FS) ,400/400 ,0.87,Maximus Protector (FS) MaxJoint ,540/540 ,1.18,100758931,DNE ,DNE ,N/A ,130443,492785,N/A ,N/A ,N/A ,0068973 (11) 0068965 (6) ,0307223 (11) 0306993 (6) ,0118190 (11) 0118182 (6) ,0310086 (11) 0309740 (6) ,9/16 5/8 ,16 26
145,Gas Separator Ext Hd (FS) ,400/400 ,0.87,Maximus Protector (FS) MaxJoint ,540/562 ,1.18,100758931,DNE ,DNE ,N/A ,130443,492785,N/A ,N/A ,N/A ,0068973 (11) 0068965 (6) ,0307223 (11) 0306993 (6) ,0118190 (11) 0118182 (6) ,0310086 (11) 0309740 (6) ,9/16 5/8 ,16 26
146,Gas Separator ,400/540 ,0.87/1.18 ,Maximus Protector (FS) MaxJoint ,540/540 ,1.18,100280065 + shims ,DNE ,100910661 + shims ,N/A ,N/A ,N/A ,N/A ,N/A ,N/A ,0068973 (11) ,0307223 (11) ,0118190 (11) ,0310086 (11) ,05-Aug,26
147,Gas Separator ,400/540 ,0.87/1.18 ,Maximus Protector (FS) MaxJoint ,540/562 ,1.18,100280065 + shims ,DNE ,100910661 + shims ,N/A ,N/A ,N/A ,N/A ,N/A ,N/A ,0068973 (11) ,0307223 (11) ,0118190 (11) ,0310086 (11) ,05-Aug,26
148,Gas Separator ,538/540 ,1.18,Maximus Protector UT (FS) MaxJoint ,400/400 ,0.87,101399628 + shims ,DNE ,101399639 + shim ,N/A ,390369,889717,N/A ,N/A ,N/A ,0068973 (11) 0068965(6) ,0307223 (11) 0306993 (6) ,0118190 (11) 0118182 (6) ,0310086 (11) 0309740 (6) ,9/16 5/8 ,26 16
149,Gas Separator (FS) ,538/540 ,1.18,Maximus Protector UT (FS) MaxJoint ,400/400 ,0.87,101399628,DNE ,101399639,N/A ,390369,889717,N/A ,N/A ,N/A ,0068973 (11) 0068965(6) ,0307223 (11) 0306993 (6) ,0118190 (11) 0118182 (6) ,0310086 (11) 0309740 (6) ,9/16 5/8 ,26 16
150,Gas Separator ,538/540 ,1.18,Maximus Protector S/LT (FS) MaxJoint ,400/456 ,0.87,101399628 + shims ,DNE ,101399639 + shim ,N/A ,390369,889717,N/A ,N/A ,N/A ,0068973 (11) 0068965(6) ,0307223 (11) 0306993 (6) ,0118190 (11) 0118182 (6) ,0310086 (11) 0309740 (6) ,9/16 5/8 ,26 16
151,Gas Separator (FS) ,538/540 ,1.18,Maximus Protector S/LT (FS) MaxJoint ,400/456 ,0.87,101399628,DNE ,101399639,N/A ,390369,889717,N/A ,N/A ,N/A ,0068973 (11) 0068965(6) ,0307223 (11) 0306993 (6) ,0118190 (11) 0118182 (6) ,0310086 (11) 0309740 (6) ,9/16 5/8 ,26 16
152,Gas Separator ,538/540 ,1.18,Maximus Protector (FS) MaxJoint ,540/540 ,1.18,100280065 + shims ,DNE ,100910661 + shims ,N/A ,N/A ,N/A ,N/A ,N/A ,N/A ,0068973 (11) ,0307223 (11) ,0118190 (11) ,0310086 (11) ,05-Aug,26
153,Gas Separator (FS) ,538/540 ,1.18,Maximus Protector (FS) MaxJoint ,540/540 ,1.18,100858114,101341068,DNE ,N/A ,N/A ,N/A ,N/A ,N/A ,N/A ,0068973 (11) ,0307223 (11) ,0118190 (11) ,0310086 (11) ,05-Aug,26
154,Gas Separator ,538/540 ,1.18,Maximus Protector (FS) MaxJoint ,540/562 ,1.18,100280065 + shims ,DNE ,100910661 + shims ,N/A ,N/A ,N/A ,N/A ,N/A ,N/A ,0068973 (11) ,0307223 (11) ,0118190 (11) ,0310086 (11) ,05-Aug,26
155,Gas Separator (FS) ,538/540 ,1.18,Maximus Protector (FS) MaxJoint ,540/562 ,1.18,100858114,101341068,DNE ,N/A ,N/A ,N/A ,N/A ,N/A ,N/A ,0068973 (11) ,0307223 (11) ,0118190 (11) ,0310086 (11) ,05-Aug,26
156,Gas Separator ,540/540 ,1.18,Maximus Protector UT (FS) MaxJoint ,400/400 ,0.87,101399628 + shims ,DNE ,101399639 + shim ,N/A ,390369,889717,N/A ,N/A ,N/A ,0068973 (11) 0068965(6) ,0307223 (11) 0306993 (6) ,0118190 (11) 0118182 (6) ,0310086 (11) 0309740 (6) ,9/16 5/8 ,26 16
157,Gas Separator (FS) ,540/540 ,1.18,Maximus Protector UT (FS) MaxJoint ,400/400 ,0.87,101399628,DNE ,101399639,N/A ,390369,889717,N/A ,N/A ,N/A ,0068973 (11) 0068965(6) ,0307223 (11) 0306993 (6) ,0118190 (11) 0118182 (6) ,0310086 (11) 0309740 (6) ,9/16 5/8 ,26 16
158,Gas Separator ,540/540 ,1.18,Maximus Protector S/LT (FS) MaxJoint ,400/456 ,0.87,101399628 + shims ,DNE ,101399639 + shim ,N/A ,390369,889717,N/A ,N/A ,N/A ,0068973 (11) 0068965(6) ,0307223 (11) 0306993 (6) ,0118190 (11) 0118182 (6) ,0310086 (11) 0309740 (6) ,9/16 5/8 ,26
159,Gas Separator (FS) ,540/540 ,1.18,Maximus Protector S/LT (FS) MaxJoint ,400/456 ,0.87,101399628,DNE ,101399639,N/A ,390369,889717,N/A ,N/A ,N/A ,0068973 (11) 0068965(6) ,0307223 (11) 0306993 (6) ,0118190 (11) 0118182 (6) ,0310086 (11) 0309740 (6) ,9/16 5/8 ,26 16
160,Gas Separator ,540/540 ,1.18,Maximus Protector (FS) MaxJoint ,540/540 ,1.18,100280065 + shims ,DNE ,100910661 + shims ,N/A ,N/A ,N/A ,N/A ,N/A ,N/A ,0068973 (11) ,0307223 (11) ,0118190 (11) ,0310086 (11) ,05-Aug,26
161,Gas Separator (FS) ,540/540 ,1.18,Maximus Protector (FS) MaxJoint ,540/540 ,1.18,100858114,101341068,DNE ,N/A ,N/A ,N/A ,N/A ,N/A ,N/A ,0068973 (11) ,0307223 (11) ,0118190 (11) ,0310086 (11) ,05-Aug,26
162,Gas Separator ,540/540 ,1.18,Maximus Protector (FS) MaxJoint ,540/562 ,1.18,100280065 + shims ,DNE ,100910661 + shims ,N/A ,N/A ,N/A ,N/A ,N/A ,N/A ,0068973 (11) ,0307223 (11) ,0118190 (11) ,0310086 (11) ,05-Aug,26
163,Gas Separator (FS) ,540/540 ,1.18,Maximus Protector (FS) MaxJoint ,540/562 ,1.18,100858114,101341068,DNE ,N/A ,N/A ,N/A ,N/A ,N/A ,N/A ,0068973 (11) ,0307223 (11) ,0118190 (11) ,0310086 (11) ,05-Aug,26
164,Gas Separator ,675/540 ,1.18,Maximus Protector (FS) MaxJoint ,540/540 ,1.18,100280065 + shims ,DNE ,100910661 + shims ,N/A ,N/A ,N/A ,N/A ,N/A ,N/A ,0068973 (11) ,0307223 (11) ,0118190 (11) ,0310086 (11) ,05-Aug,26
165,Gas Separator (FS) ,675/540 ,1.18,Maximus Protector (FS) MaxJoint ,540/540 ,1.18,100280065,DNE ,100910661,N/A ,N/A ,N/A ,N/A ,N/A ,N/A ,0068973 (11) ,0307223 (11) ,0118190 (11) ,0310086 (11) ,05-Aug,26
166,Gas Separator ,675/540 ,1.18,Maximus Protector (FS) MaxJoint ,540/562 ,1.18,100280065 + shims ,DNE ,100910661 + shims ,N/A ,N/A ,N/A ,N/A ,N/A ,N/A ,0068973 (11) ,0307223 (11) ,0118190 (11) ,0310086 (11) ,05-Aug,26
167,Gas Separator (FS) ,675/540 ,1.18,Maximus Protector (FS) MaxJoint ,540/562 ,1.18,100280065,DNE ,100910661,N/A ,N/A ,N/A ,N/A ,N/A ,N/A ,0068973 (11) ,0307223 (11) ,0118190 (11) ,0310086 (11) ,05-Aug,26
168,MGH LT Ext Hd ,387/375 ,0.87,Maximus Protector (FS) MaxJoint ,375/325/375 ,0.75,100354831 + shims ,DNE ,DNE ,N/A ,N/A ,N/A ,N/A ,N/A ,N/A ,0068965 (6) ,0306993 (6) ,0118182 (6) ,0309740 (6) ,Sep-16,16
169,MGH LT Ext Hd ,400/375 ,0.87,Maximus Protector (FS) MaxJoint ,375/325/375 ,0.75,100354831 + shims ,DNE ,DNE ,N/A ,N/A ,N/A ,N/A ,N/A ,N/A ,0068965 (6) ,0306993 (6) ,0118182 (6) ,0309740 (6) ,Sep-16,16
170,MGH LT Ext Hd ,387/375 ,0.87,Maximus Protector UT (FS) MaxJoint ,387/387 ,0.87,100288502 + shims ,100567610 + shims ,100883087 + shims ,N/A ,N/A ,N/A ,N/A ,N/A ,N/A ,0068965 (6) ,0306993 (6) ,0118182 (6) ,0309740 (6) ,Sep-16,16
171,MGH LT Ext Hd ,400/375 ,0.87,Maximus Protector UT (FS) MaxJoint ,387/387 ,0.87,100288502 + shims ,100567610 + shims ,100883087 + shims ,N/A ,N/A ,N/A ,N/A ,N/A ,N/A ,0068965 (6) ,0306993 (6) ,0118182 (6) ,0309740 (6) ,Sep-16,16
172,MGH LT Ext Hd ,387/375 ,0.87,Maximus Protector S/LT (FS) MaxJoint ,387/456 ,0.87,100288502 + shims ,100567610 + shims ,100883087 + shims ,N/A ,N/A ,N/A ,N/A ,N/A ,N/A ,0068965 (6) ,0306993 (6) ,0118182 (6) ,0309740 (6) ,Sep-16,16
173,MGH LT Ext Hd ,400/375 ,0.87,Maximus Protector S/LT (FS) MaxJoint ,387/456 ,0.87,100288502 + shims ,100567610 + shims ,100883087 + shims ,N/A ,N/A ,N/A ,N/A ,N/A ,N/A ,0068965 (6) ,0306993 (6) ,0118182 (6) ,0309740 (6) ,Sep-16,16
174,MGH LT Ext Hd ,387/375 ,0.87,S & UT (FS) MaxJoint Maximus ProMotor ,387/456 ,0.87/1.18 ,100288502 + shims ,100567610 + shims ,100883087 + shims ,N/A ,N/A ,N/A ,N/A ,N/A ,N/A ,0068965 (6) ,0306993 (6) ,0118182 (6) ,0309740 (6) ,Sep-16,16
175,MGH LT Ext Hd ,400/375 ,0.87,S & UT (FS) MaxJoint Maximus ProMotor ,387/456 ,0.87/1.18 ,100288502 + shims ,100567610 + shims ,100883087 + shims ,N/A ,N/A ,N/A ,N/A ,N/A ,N/A ,0068965 (6) ,0306993 (6) ,0118182 (6) ,0309740 (6) ,Sep-16,16
176,MGH LT Ext Hd ,387/375 ,0.87,Maximus Protector UT (FS) MaxJoint ,400/400 ,0.87,100288502 + shims ,100567610 + shims ,100883087 + shims ,N/A ,N/A ,N/A ,N/A ,N/A ,N/A ,0068965 (6) ,0306993 (6) ,0118182 (6) ,0309740 (6) ,Sep-16,16
177,MGH LT Ext Hd ,400/375 ,0.87,Maximus Protector S/LT (FS) MaxJoint ,400/400 ,0.87,100288502 + shims ,100567610 + shims ,100883087 + shims ,N/A ,N/A ,N/A ,N/A ,N/A ,N/A ,0068965 (6) ,0306993 (6) ,0118182 (6) ,0309740 (6) ,Sep-16,16
178,MGH LT Ext Hd ,387/375 ,0.87,Maximus Protector UT (FS) MaxJoint ,400/456 ,0.87,100288502 + shims ,100567610 + shims ,100883087 + shims ,N/A ,N/A ,N/A ,N/A ,N/A ,N/A ,0068965 (6) ,0306993 (6) ,0118182 (6) ,0309740 (6) ,Sep-16,16
179,MGH LT Ext Hd ,400/375 ,0.87,Maximus Protector S/LT (FS) MaxJoint ,400/456 ,0.87,100288502 + shims ,100567610 + shims ,100883087 + shims ,N/A ,N/A ,N/A ,N/A ,N/A ,N/A ,0068965 (6) ,0306993 (6) ,0118182 (6) ,0309740 (6) ,Sep-16,16
180,MGH LT Ext Hd ,387/375 ,0.87,Maximus Protector (FS) MaxJoint ,540/540 ,1.18,100758931 + shims ,DNE ,DNE ,N/A ,130443,492785,N/A ,N/A ,N/A ,0068973 (11) 0068965 (6) ,0307223 (11) 0306993 (6) ,0118190 (11) 0118182 (6) ,0310086 (11) 0309740 (6) ,9/16 5/8 ,16 26
181,MGH LT Ext Hd ,400/375 ,0.87,Maximus Protector (FS) MaxJoint ,540/540 ,1.18,100758931 + shims ,DNE ,DNE ,N/A ,130443,492785,N/A ,N/A ,N/A ,0068973 (11) 0068965 (6) ,0307223 (11) 0306993 (6) ,0118190 (11) 0118182 (6) ,0310086 (11) 0309740 (6) ,9/16 5/8 ,16 26
182,MGH LT Ext Hd ,387/375 ,0.87,Maximus Protector (FS) MaxJoint ,540/562 ,1.18,100758931 + shims ,DNE ,DNE ,N/A ,130443,492785,N/A ,N/A ,N/A ,0068973 (11) 0068965 (6) ,0307223 (11) 0306993 (6) ,0118190 (11) 0118182 (6) ,0310086 (11) 0309740 (6) ,9/16 5/8 ,16 26
183,MGH LT Ext Hd ,400/375 ,0.87,Maximus Protector (FS) MaxJoint ,540/562 ,1.18,100758931 + shims ,DNE ,DNE ,N/A ,130443,492785,N/A ,N/A ,N/A ,0068973 (11) 0068965 (6) ,0307223 (11) 0306993 (6) ,0118190 (11) 0118182 (6) ,0310086 (11) 0309740 (6) ,9/16 5/8 ,16 26
184,MGH LT ,862/738 ,1.37,Maximus Protector (FS) MaxJoint ,540/540 ,1.18,101016221 + shims ,DNE ,DNE ,N/A ,84293,892737,N/A ,N/A ,N/A ,0256503 (13) 0068973 (11) ,0307017 (13) 0307223 (11) ,0210484 (13) 0118190 (11) ,0310094 (13) 0310086 (11) ,13/16 5/8 ,60 26
185,MGH LT ,862/738 ,1.37,Maximus Protector (FS) MaxJoint ,540/562 ,1.18,101016221 + shims ,DNE ,DNE ,N/A ,84293,892737,N/A ,N/A ,N/A ,0256503 (13) 0068973 (11) ,0307017 (13) 0307223 (11) ,0210484 (13) 0118190 (11) ,0310094 (13) 0310086 (11) ,13/16 5/8 ,60 26
186,Pump LT Ext Hd ,338/338 ,0.68,Maximus Protector (FS) MaxJoint ,375/325/375 ,0.75,DNE ,DNE ,DNE ,N/A ,N/A ,N/A ,N/A ,N/A ,N/A ,0068965 (6) ,0306993 (6) ,0118182 (6) ,0309740 (6) ,Sep-16,16
187,Pump LT (FS) Ext Hd ,338/338 ,0.68,Maximus Protector (FS) MaxJoint ,375/325/375 ,0.75,101154562,DNE ,DNE ,N/A ,N/A ,N/A ,N/A ,N/A ,N/A ,0068965 (6) ,0306993 (6) ,0118182 (6) ,0309740 (6) ,Sep-16,16
188,Pump LT ,387/387 ,0.68,Maximus Protector (FS) MaxJoint ,375/325/375 ,0.75,101115870,101115871,DNE ,N/A ,N/A ,N/A ,N/A ,N/A ,N/A ,0068965 (6) ,0306993 (6) ,0118182 (6) ,0309740 (6) ,Sep-16,16
189,Pump LT ,387/387 ,0.87,Maximus Protector UT (FS) MaxJoint ,387/387 ,0.87,100288502 + shims ,100567610 + shims ,100883087 + shims ,N/A ,N/A ,N/A ,N/A ,N/A ,N/A ,0068965 (6) ,0306993 (6) ,0118182 (6) ,0309740 (6) ,Sep-16,16
190,Pump LT Ext Hd ,387/387 ,0.87,Maximus Protector UT (FS) MaxJoint ,387/387 ,0.87,100288502 + shims ,100567610 + shims ,100883087 + shims ,N/A ,N/A ,N/A ,N/A ,N/A ,N/A ,0068965 (6) ,0306993 (6) ,0118182 (6) ,0309740 (6) ,Sep-16,16
191,Pump LT (FS) ,387/387 ,0.87,Maximus Protector UT (FS) MaxJoint ,387/387 ,0.87,100288502,100567610,100883087,N/A ,N/A ,N/A ,N/A ,N/A ,N/A ,0068965 (6) ,0306993 (6) ,0118182 (6) ,0309740 (6) ,Sep-16,16
192,Pump LT (FS) Ext Hd ,387/387 ,0.87,Maximus Protector UT (FS) MaxJoint ,387/387 ,0.87,100288502,100567610,100883087,N/A ,N/A ,N/A ,N/A ,N/A ,N/A ,0068965 (6) ,0306993 (6) ,0118182 (6) ,0309740 (6) ,Sep-16,16
193,Pump LT ,387/387 ,0.87,Maximus Protector S/LT (FS) MaxJoint ,387/456 ,0.87,100288502 + shims ,100567610 + shims ,100883087 + shims ,N/A ,N/A ,N/A ,N/A ,N/A ,N/A ,0068965 (6) ,0306993 (6) ,0118182 (6) ,0309740 (6) ,Sep-16,16
194,Pump LT Ext Hd ,387/387 ,0.87,Maximus Protector S/LT (FS) MaxJoint ,387/456 ,0.87,100288502 + shims ,100567610 + shims ,100883087 + shims ,N/A ,N/A ,N/A ,N/A ,N/A ,N/A ,0068965 (6) ,0306993 (6) ,0118182 (6) ,0309740 (6) ,Sep-16,16
195,Pump LT (FS) ,387/387 ,0.87,Maximus Protector S/LT (FS) MaxJoint ,387/456 ,0.87,100288502,100567610,100883087,N/A ,N/A ,N/A ,N/A ,N/A ,N/A ,0068965 (6) ,0306993 (6) ,0118182 (6) ,0309740 (6) ,Sep-16,16
196,Pump LT (FS) Ext Hd ,387/387 ,0.87,Maximus Protector S/LT (FS) MaxJoint ,387/456 ,0.87,100288502,100567610,100883087,N/A ,N/A ,N/A ,N/A ,N/A ,N/A ,0068965 (6) ,0306993 (6) ,0118182 (6) ,0309740 (6) ,Sep-16,16
197,Pump LT ,387/387 ,0.87,Maximus ProMotor S & UT (FS) MaxJoint ,387/456 ,0.87/1.18 ,100288502 + shims ,100567610 + shims ,100883087 + shims ,N/A ,N/A ,N/A ,N/A ,N/A ,N/A ,0068965 (6) ,0306993 (6) ,0118182 (6) ,0309740 (6) ,Sep-16,16
198,Pump LT Ext Hd ,387/387 ,0.87,S & UT (FS) MaxJoint Maximus ProMotor ,387/456 ,0.87/1.18 ,100288502 + shims ,100567610 + shims ,100883087 + shims ,N/A ,N/A ,N/A ,N/A ,N/A ,N/A ,0068965 (6) ,0306993 (6) ,0118182 (6) ,0309740 (6) ,Sep-16,16
199,Pump LT (FS) ,387/387 ,0.87,Maximus ProMotor S & UT (FS) MaxJoint ,387/456 ,0.87/1.18 ,100288502,100567610,100883087,N/A ,N/A ,N/A ,N/A ,N/A ,N/A ,0068965 (6) ,0306993 (6) ,0118182 (6) ,0309740 (6) ,Sep-16,16
200,Pump LT (FS) Ext Hd ,387/387 ,0.87,S & UT (FS) MaxJoint Maximus ProMotor ,387/456 ,0.87,100288502,100567610,100883087,N/A ,N/A ,N/A ,N/A ,N/A ,N/A ,0068965 (6) ,0306993 (6) ,0118182 (6) ,0309740 (6) ,Sep-16,16
201,Pump LT ,387/387 ,0.87,Maximus Protector UT (FS) MaxJoint ,400/400 ,0.87,100288502 + shims ,100567610 + shims ,100883087 + shims ,N/A ,N/A ,N/A ,N/A ,N/A ,N/A ,0068965 (6) ,0306993 (6) ,0118182 (6) ,0309740 (6) ,Sep-16,16
202,Pump LT Ext Hd ,387/387 ,0.87,Maximus Protector UT (FS) MaxJoint ,400/400 ,0.87,100288502 + shims ,100567610 + shims ,100883087 + shims ,N/A ,N/A ,N/A ,N/A ,N/A ,N/A ,0068965 (6) ,0306993 (6) ,0118182 (6) ,0309740 (6) ,Sep-16,16
203,Pump LT (FS) ,387/387 ,0.87,Maximus Protector UT (FS) MaxJoint ,400/400 ,0.87,100288502,100567610,100883087,N/A ,N/A ,N/A ,N/A ,N/A ,N/A ,0068965 (6) ,0306993 (6) ,0118182 (6) ,0309740 (6) ,Sep-16,16
204,Pump LT (FS) Ext Hd ,387/387 ,0.87,Maximus Protector UT (FS) MaxJoint ,400/400 ,0.87,100288502,100567610,100883087,N/A ,N/A ,N/A ,N/A ,N/A ,N/A ,0068965 (6) ,0306993 (6) ,0118182 (6) ,0309740 (6) ,Sep-16,16
205,Pump LT ,387/387 ,0.87,Maximus Protector UT (FS) MaxJoint ,400/456 ,0.87,100288502 + shims ,100567610 + shims ,100883087 + shims ,N/A ,N/A ,N/A ,N/A ,N/A ,N/A ,0068965 (6) ,0306993 (6) ,0118182 (6) ,0309740 (6) ,Sep-16,16
206,Pump LT Ext Hd ,387/387 ,0.87,Maximus Protector UT (FS) MaxJoint ,400/456 ,0.87,100288502 + shims ,100567610 + shims ,100883087 + shims ,N/A ,N/A ,N/A ,N/A ,N/A ,N/A ,0068965 (6) ,0306993 (6) ,0118182 (6) ,0309740 (6) ,Sep-16,16
207,Pump LT (FS) ,387/387 ,0.87,Maximus Protector UT (FS) MaxJoint ,400/456 ,0.87,100288502,100567610,100883087,N/A ,N/A ,N/A ,N/A ,N/A ,N/A ,0068965 (6) ,0306993 (6) ,0118182 (6) ,0309740 (6) ,Sep-16,16
208,Pump LT (FS) Ext Hd ,387/387 ,0.87,Maximus Protector UT (FS) MaxJoint ,400/456 ,0.87,100288502,100567610,100883087,N/A ,N/A ,N/A ,N/A ,N/A ,N/A ,0068965 (6) ,0306993 (6) ,0118182 (6) ,0309740 (6) ,Sep-16,16
209,Pump LT ,387/387 ,0.87,Maximus Protector (FS) MaxJoint ,540/540 ,1.18,100758931 + shims ,DNE ,DNE ,N/A ,130443,492785,N/A ,N/A ,N/A ,0068973 (11) 0068965 (6) ,0307223 (11) 0306993 (6) ,0118190 (11) 0118182 (6) ,0310086 (11) 0309740 (6) ,9/16 5/8 ,16 26
210,Pump LT Ext Hd ,387/387 ,0.87,Maximus Protector (FS) MaxJoint ,540/540 ,1.18,100758931 + shims ,DNE ,DNE ,N/A ,130443,492785,N/A ,N/A ,N/A ,0068973 (11) 0068965 (6) ,0307223 (11) 0306993 (6) ,0118190 (11) 0118182 (6) ,0310086 (11) 0309740 (6) ,9/16 5/8 ,16 26
211,Pump LT (FS) ,387/387 ,0.87,Maximus Protector (FS) MaxJoint ,540/540 ,1.18,100758931,DNE ,DNE ,N/A ,130443,492785,N/A ,N/A ,N/A ,0068973 (11) 0068965 (6) ,0307223 (11) 0306993 (6) ,0118190 (11) 0118182 (6) ,0310086 (11) 0309740 (6) ,9/16 5/8 ,16 26
212,Pump LT (FS) Ext Hd ,387/387 ,0.87,Maximus Protector (FS) MaxJoint ,540/540 ,1.18,100758931,DNE ,DNE ,N/A ,130443,492785,N/A ,N/A ,N/A ,0068973 (11) 0068965 (6) ,0307223 (11) 0306993 (6) ,0118190 (11) 0118182 (6) ,0310086 (11) 0309740 (6) ,9/16 5/8 ,16 26
213,Pump LT ,387/387 ,0.87,Maximus Protector (FS) MaxJoint ,540/562 ,1.18,100758931 + shims ,DNE ,DNE ,N/A ,130443,492785,N/A ,N/A ,N/A ,0068973 (11) 0068965 (6) ,0307223 (11) 0306993 (6) ,0118190 (11) 0118182 (6) ,0310086 (11) 0309740 (6) ,9/16 5/8 ,16 26
214,Pump LT Ext Hd ,387/387 ,0.87,Maximus Protector (FS) MaxJoint ,540/562 ,1.18,100758931 + shims ,DNE ,DNE ,N/A ,130443,492785,N/A ,N/A ,N/A ,0068973 (11) 0068965 (6) ,0307223 (11) 0306993 (6) ,0118190 (11) 0118182 (6) ,0310086 (11) 0309740 (6) ,9/16 5/8 ,16 26
215,Pump LT (FS) ,387/387 ,0.87,Maximus Protector (FS) MaxJoint ,540/562 ,1.18,100758931,DNE ,DNE ,N/A ,130443,492785,N/A ,N/A ,N/A ,0068973 (11) 0068965 (6) ,0307223 (11) 0306993 (6) ,0118190 (11) 0118182 (6) ,0310086 (11) 0309740 (6) ,9/16 5/8 ,16 26
216,Pump LT (FS) Ext Hd ,387/387 ,0.87,Maximus Protector (FS) MaxJoint ,540/562 ,1.18,100758931,DNE ,DNE ,N/A ,130443,492785,N/A ,N/A ,N/A ,0068973 (11) 0068965 (6) ,0307223 (11) 0306993 (6) ,0118190 (11) 0118182 (6) ,0310086 (11) 0309740 (6) ,9/16 5/8 ,16 26
217,Pump LT ,400/400 ,0.68,Maximus Protector (FS) MaxJoint ,375/325/375 ,0.75,DNE ,DNE ,DNE ,N/A ,N/A ,N/A ,N/A ,N/A ,N/A ,0068965 (6) ,0306993 (6) ,0118182 (6) ,0309740 (6) ,Sep-16,16
218,Pump LT (FS) ,400/400 ,0.68,Maximus Protector (FS) MaxJoint ,375/325/375 ,0.75,101115870,101115871,DNE ,N/A ,N/A ,N/A ,N/A ,N/A ,N/A ,0068965 (6) ,0306993 (6) ,0118182 (6) ,0309740 (6) ,Sep-16,16
219,Pump LT ,400/400 ,0.87,Maximus Protector UT (FS) MaxJoint ,387/387 ,0.87,100288502 + shims ,100567610 + shims ,100883087 + shims ,N/A ,N/A ,N/A ,N/A ,N/A ,N/A ,0068965 (6) ,0306993 (6) ,0118182 (6) ,0309740 (6) ,Sep-16,16
220,Pump LT Ext Hd ,400/400 ,0.87,Maximus Protector UT (FS) MaxJoint ,387/387 ,0.87,100288502 + shims ,100567610 + shims ,100883087 + shims ,N/A ,N/A ,N/A ,N/A ,N/A ,N/A ,0068965 (6) ,0306993 (6) ,0118182 (6) ,0309740 (6) ,Sep-16,16
221,Pump LT (FS) ,400/400 ,0.87,Maximus Protector UT (FS) MaxJoint ,387/387 ,0.87,100288502,100567610,100883087,N/A ,N/A ,N/A ,N/A ,N/A ,N/A ,0068965 (6) ,0306993 (6) ,0118182 (6) ,0309740 (6) ,Sep-16,16
222,Pump LT ,400/400 ,0.87,Maximus Protector S/LT (FS) MaxJoint ,387/456 ,0.87,100288502 + shims ,100567610 + shims ,100883087 + shims ,N/A ,N/A ,N/A ,N/A ,N/A ,N/A ,0068965 (6) ,0306993 (6) ,0118182 (6) ,0309740 (6) ,Sep-16,16
223,Pump LT Ext Hd ,400/400 ,0.87,Maximus Protector S/LT (FS) MaxJoint ,387/456 ,0.87,100288502 + shims ,100567610 + shims ,100883087 + shims ,N/A ,N/A ,N/A ,N/A ,N/A ,N/A ,0068965 (6) ,0306993 (6) ,0118182 (6) ,0309740 (6) ,Sep-16,16
224,Pump LT (FS) ,400/400 ,0.87,Maximus Protector S/LT (FS) MaxJoint ,387/456 ,0.87,100288502,100567610,100883087,N/A ,N/A ,N/A ,N/A ,N/A ,N/A ,0068965 (6) ,0306993 (6) ,0118182 (6) ,0309740 (6) ,Sep-16,16
225,Pump LT ,400/400 ,0.87,Maximus ProMotor S & UT (FS) MaxJoint ,387/456 ,0.87/1.18 ,100288502 + shims ,100567610 + shims ,100883087 + shims ,N/A ,N/A ,N/A ,N/A ,N/A ,N/A ,0068965 (6) ,0306993 (6) ,0118182 (6) ,0309740 (6) ,Sep-16,16
226,Pump LT Ext Hd ,400/400 ,0.87,S & UT (FS) MaxJoint Maximus ProMotor ,387/456 ,0.87/1.18 ,100288502 + shims ,100567610 + shims ,100883087 + shims ,N/A ,N/A ,N/A ,N/A ,N/A ,N/A ,0068965 (6) ,0306993 (6) ,0118182 (6) ,0309740 (6) ,Sep-16,16
227,Pump LT (FS) ,400/400 ,0.87,Maximus ProMotor S & UT (FS) MaxJoint ,387/456 ,0.87/1.18 ,100288502,100567610,100883087,N/A ,N/A ,N/A ,N/A ,N/A ,N/A ,0068965 (6) ,0306993 (6) ,0118182 (6) ,0309740 (6) ,Sep-16,16
228,Pump LT ,400/400 ,0.87,Maximus Protector UT (FS) MaxJoint ,400/400 ,0.87,100288502 + shims ,100567610 + shims ,100883087 + shims ,N/A ,N/A ,N/A ,N/A ,N/A ,N/A ,0068965 (6) ,0306993 (6) ,0118182 (6) ,0309740 (6) ,Sep-16,16
229,Pump LT Ext Hd ,400/400 ,0.87,Maximus Protector UT (FS) MaxJoint ,400/400 ,0.87,100288502 + shims ,100567610 + shims ,100883087 + shims ,N/A ,N/A ,N/A ,N/A ,N/A ,N/A ,0068965 (6) ,0306993 (6) ,0118182 (6) ,0309740 (6) ,Sep-16,16
230,Pump LT (FS) ,400/400 ,0.87,Maximus Protector UT (FS) MaxJoint ,400/400 ,0.87,100288502,100567610,100883087,N/A ,N/A ,N/A ,N/A ,N/A ,N/A ,0068965 (6) ,0306993 (6) ,0118182 (6) ,0309740 (6) ,Sep-16,16
231,Pump LT ,400/400 ,0.87,Maximus Protector S/LT (FS) MaxJoint ,400/456 ,0.87,100288502 + shims ,100567610 + shims ,100883087 + shims ,N/A ,N/A ,N/A ,N/A ,N/A ,N/A ,0068965 (6) ,0306993 (6) ,0118182 (6) ,0309740 (6) ,Sep-16,16
232,Pump LT Ext Hd ,400/400 ,0.87,Maximus Protector S/LT (FS) MaxJoint ,400/456 ,0.87,100288502 + shims ,100567610 + shims ,100883087 + shims ,N/A ,N/A ,N/A ,N/A ,N/A ,N/A ,0068965 (6) ,0306993 (6) ,0118182 (6) ,0309740 (6) ,Sep-16,16
233,Pump LT (FS) ,400/400 ,0.87,Maximus Protector S/LT (FS) MaxJoint ,400/456 ,0.87,100288502,100567610,100883087,N/A ,N/A ,N/A ,N/A ,N/A ,N/A ,0068965 (6) ,0306993 (6) ,0118182 (6) ,0309740 (6) ,Sep-16,16
234,Pump LT ,400/400 ,0.87,Maximus Protector (FS) MaxJoint ,540/540 ,1.18,100758931 + shims ,DNE ,DNE ,N/A ,130443,492785,N/A ,N/A ,N/A ,0068973 (11) 0068965 (6) ,0307223 (11) 0306993 (6) ,0118190 (11) 0118182 (6) ,0310086 (11) 0309740 (6) ,9/16 5/8 ,16 26
235,Pump LT Ext Hd ,400/400 ,0.87,Maximus Protector (FS) MaxJoint ,540/540 ,1.18,100758931 + shims ,DNE ,DNE ,N/A ,130443,492785,N/A ,N/A ,N/A ,0068973 (11) 0068965 (6) ,0307223 (11) 0306993 (6) ,0118190 (11) 0118182 (6) ,0310086 (11) 0309740 (6) ,9/16 5/8 ,16 26
236,Pump LT (FS) ,400/400 ,0.87,Maximus Protector (FS) MaxJoint ,540/540 ,1.18,100758931,DNE ,DNE ,N/A ,130443,492785,N/A ,N/A ,N/A ,0068973 (11) 0068965 (6) ,0307223 (11) 0306993 (6) ,0118190 (11) 0118182 (6) ,0310086 (11) 0309740 (6) ,9/16 5/8 ,16 26
237,Pump LT ,400/400 ,0.87,Maximus Protector (FS) MaxJoint ,540/562 ,1.18,100758931 + shims ,DNE ,DNE ,N/A ,130443,492785,N/A ,N/A ,N/A ,0068973 (11) 0068965 (6) ,0307223 (11) 0306993 (6) ,0118190 (11) 0118182 (6) ,0310086 (11) 0309740 (6) ,9/16 5/8 ,16 26
238,Pump LT Ext Hd ,400/400 ,0.87,Maximus Protector (FS) MaxJoint ,540/562 ,1.18,100758931 + shims ,DNE ,DNE ,N/A ,130443,492785,N/A ,N/A ,N/A ,0068973 (11) 0068965 (6) ,0307223 (11) 0306993 (6) ,0118190 (11) 0118182 (6) ,0310086 (11) 0309740 (6) ,9/16 5/8 ,16 26
239,Pump LT (FS) ,400/400 ,0.87,Maximus Protector (FS) MaxJoint ,540/562 ,1.18,100758931,DNE ,DNE ,N/A ,130443,492785,N/A ,N/A ,N/A ,0068973 (11) 0068965 (6) ,0307223 (11) 0306993 (6) ,0118190 (11) 0118182 (6) ,0310086 (11) 0309740 (6) ,9/16 5/8 ,16 26
240,Pump LT ,540/540 ,0.87,Maximus Protector (FS) MaxJoint ,540/540 ,1.18,100861269 + shims ,DNE ,DNE ,N/A ,N/A ,N/A ,N/A ,N/A ,N/A ,0068973 (11) ,0307223 (11) ,0118190 (11) ,0310086 (11) ,05-Aug,26
241,Pump LT ,540/540 ,0.87,Maximus Protector (FS) MaxJoint ,540/562 ,1.18,100861269 + shims ,DNE ,DNE ,N/A ,N/A ,N/A ,N/A ,N/A ,N/A ,0068973 (11) ,0307223 (11) ,0118190 (11) ,0310086 (11) ,05-Aug,26
242,Pump LT ,562/540 ,1,Maximus Protector (FS) MaxJoint ,540/540 ,1.18,DNE ,DNE ,101441669 + shims ,N/A ,N/A ,N/A ,N/A ,N/A ,N/A ,0068973 (11) ,0307223 (11) ,0118190 (11) ,0310086 (11) ,05-Aug,26
243,Pump LT (FS) ,562/540 ,1,Maximus Protector (FS) MaxJoint ,540/540 ,1.18,DNE ,DNE ,DNE ,N/A ,N/A ,N/A ,N/A ,N/A ,N/A ,0068973 (11) ,0307223 (11) ,0118190 (11) ,0310086 (11) ,05-Aug,26
244,Pump LT ,562/540 ,1,Maximus Protector (FS) MaxJoint ,540/562 ,1.18,DNE ,DNE ,101441669 + shims ,N/A ,N/A ,N/A ,N/A ,N/A ,N/A ,0068973 (11) ,0307223 (11) ,0118190 (11) ,0310086 (11) ,05-Aug,26
245,Pump LT (FS) ,562/540 ,1,Maximus Protector (FS) MaxJoint ,540/562 ,1.18,DNE ,DNE ,DNE ,N/A ,N/A ,N/A ,N/A ,N/A ,N/A ,0068973 (11) ,0307223 (11) ,0118190 (11) ,0310086 (11) ,05-Aug,26
246,Pump LT ,562/540 ,1.18,Maximus Protector (FS) MaxJoint ,540/540 ,1.18,100280065 + shims ,DNE ,100910661 + shims ,N/A ,N/A ,N/A ,N/A ,N/A ,N/A ,0068973 (11) ,0307223 (11) ,0118190 (11) ,0310086 (11) ,05-Aug,26
247,Pump LT (FS) ,562/540 ,1.18,Maximus Protector (FS) MaxJoint ,540/540 ,1.18,100280065,DNE ,100910661,N/A ,N/A ,N/A ,N/A ,N/A ,N/A ,0068973 (11) ,0307223 (11) ,0118190 (11) ,0310086 (11) ,05-Aug,26
248,Pump LT ,562/540 ,1.18,Maximus Protector (FS) MaxJoint ,540/562 ,1.18,100280065 + shims ,DNE ,100910661 + shims ,N/A ,N/A ,N/A ,N/A ,N/A ,N/A ,0068973 (11) ,0307223 (11) ,0118190 (11) ,0310086 (11) ,05-Aug,26
249,Pump LT (FS) ,562/540 ,1.18,Maximus Protector (FS) MaxJoint ,540/562 ,1.18,100280065,DNE ,100910661,N/A ,N/A ,N/A ,N/A ,N/A ,N/A ,0068973 (11) ,0307223 (11) ,0118190 (11) ,0310086 (11) ,05-Aug,26
250,Pump LT ,675/540 ,1.18,Maximus Protector (FS) MaxJoint ,540/540 ,1.18,100280065 + shims ,DNE ,100910661 + shims ,N/A ,N/A ,N/A ,N/A ,N/A ,N/A ,0068973 (11) ,0307223 (11) ,0118190 (11) ,0310086 (11) ,05-Aug,26
251,Pump LT (FS) ,675/540 ,1.18,Maximus Protector (FS) MaxJoint ,540/540 ,1.18,100280065,DNE ,100910661,N/A ,N/A ,N/A ,N/A ,N/A ,N/A ,0068973 (11) ,0307223 (11) ,0118190 (11) ,0310086 (11) ,05-Aug,26
252,Pump LT ,675/540 ,1.18,Maximus Protector (FS) MaxJoint ,540/562 ,1.18,100280065 + shims ,DNE ,100910661 + shims ,N/A ,N/A ,N/A ,N/A ,N/A ,N/A ,0068973 (11) ,0307223 (11) ,0118190 (11) ,0310086 (11) ,05-Aug,26
253,Pump LT (FS) ,675/540 ,1.18,Maximus Protector (FS) MaxJoint ,540/562 ,1.18,100280065,DNE ,100910661,N/A ,N/A ,N/A ,N/A ,N/A ,N/A ,0068973 (11) ,0307223 (11) ,0118190 (11) ,0310086 (11) ,05-Aug,26
254,Pump LT ,725/540 ,1.18,Maximus Protector (FS) MaxJoint ,540/540 ,1.18,100280065 + shims ,DNE ,100910661 + shims ,N/A ,N/A ,N/A ,N/A ,N/A ,N/A ,0068973 (11) ,0307223 (11) ,0118190 (11) ,0310086 (11) ,05-Aug,26
255,Pump LT ,725/540 ,1.18,Maximus Protector (FS) MaxJoint ,540/562 ,1.18,100280065,DNE ,100910661,N/A ,N/A ,N/A ,N/A ,N/A ,N/A ,0068973 (11) ,0307223 (11) ,0118190 (11) ,0310086 (11) ,05-Aug,26
256,Pump LT ,725/540 ,1.5,Maximus Protector (FS) MaxJoint ,540/540 ,1.18,DNE ,DNE ,DNE ,N/A ,N/A ,N/A ,N/A ,N/A ,N/A ,0068973 (11) ,0307223 (11) ,0118190 (11) ,0310086 (11) ,05-Aug,26
257,Pump LT ,725/540 ,1.5,Maximus Protector (FS) MaxJoint ,540/562 ,1.18,DNE ,DNE ,DNE ,N/A ,N/A ,N/A ,N/A ,N/A ,N/A ,0068973 (11) ,0307223 (11) ,0118190 (11) ,0310086 (11) ,05-Aug,26
258,Pump LT ,862/540 ,1.37,Maximus Protector (FS) MaxJoint ,540/540 ,1.18,100901739 + shims ,DNE ,DNE ,N/A ,N/A ,N/A ,N/A ,N/A ,N/A ,0068973 (11) ,0307223 (11) ,0118190 (11) ,0310086 (11) ,05-Aug,26
259,Pump LT ,862/540 ,1.37,Maximus Protector (FS) MaxJoint ,540/562 ,1.18,100901739 + shims ,DNE ,DNE ,N/A ,N/A ,N/A ,N/A ,N/A ,N/A ,0068973 (11) ,0307223 (11) ,0118190 (11) ,0310086 (11) ,05-Aug,26
260,Pump LT ,675/738 ,1.18,Maximus Protector (FS) MaxJoint ,540/540 ,1.18,100772363 + shims ,DNE ,DNE ,DNE ,84293,892737,N/A ,N/A ,N/A ,0256503 (13) 0068973 (11) ,0307017 (13) 0307223 (11) ,0210484 (13) 0118190 (11) ,0310094 (13) 0310086 (11) ,13/16 5/8 ,60 26
261,Pump LT ,675/738 ,1.18,Maximus Protector (FS) MaxJoint ,540/562 ,1.18,100772363 + shims ,DNE ,DNE ,DNE ,84293,892737,N/A ,N/A ,N/A ,0256503 (13) 0068973 (11) ,0307017 (13) 0307223 (11) ,0210484 (13) 0118190 (11) ,0310094 (13) 0310086 (11) ,13/16 5/8 ,60 26
262,Pump LT ,725/738 ,1.18,Maximus Protector (FS) MaxJoint ,540/540 ,1.18,100772363 + shims ,DNE ,DNE ,DNE ,84293,892737,N/A ,N/A ,N/A ,0256503 (13) 0068973 (11) ,0307017 (13) 0307223 (11) ,0210484 (13) 0118190 (11) ,0310094 (13) 0310086 (11) ,13/16 5/8 ,60 26
263,Pump LT ,725/738 ,1.18,Maximus Protector (FS) MaxJoint ,540/562 ,1.18,100772363 + shims ,DNE ,DNE ,DNE ,84293,892737,N/A ,N/A ,N/A ,0256503 (13) 0068973 (11) ,0307017 (13) 0307223 (11) ,0210484 (13) 0118190 (11) ,0310094 (13) 0310086 (11) ,13/16 5/8 ,60 26
264,Pump LT ,862/738 ,1.37,Maximus Protector (FS) MaxJoint ,540/540 ,1.18,101016221 + shims ,DNE ,DNE ,N/A ,84293,892737,N/A ,N/A ,N/A ,0256503 (13) 0068973 (11) ,0307017 (13) 0307223 (11) ,0210484 (13) 0118190 (11) ,0310094 (13) 0310086 (11) ,13/16 5/8 ,60 26
265,Pump LT ,862/738 ,1.37,Maximus Protector (FS) MaxJoint ,540/562 ,1.18,101016221 + shims ,DNE ,DNE ,N/A ,84293,892737,N/A ,N/A ,N/A ,0256503 (13) 0068973 (11) ,0307017 (13) 0307223 (11) ,0210484 (13) 0118190 (11) ,0310094 (13) 0310086 (11) ,13/16 5/8 ,60 26
266,Pump LT ,725/738 ,1.5,Maximus Protector (FS) MaxJoint ,540/540 ,1.18,100862997 + shims ,DNE ,DNE ,N/A ,84293,892737,N/A ,N/A ,N/A ,0256503 (13) 0068973 (11) ,0307017 (13) 0307223 (11) ,0210484 (13) 0118190 (11) ,0310094 (13) 0310086 (11) ,13/16 5/8 ,60 26
267,Pump LT ,725/738 ,1.5,Maximus Protector (FS) MaxJoint ,540/562 ,1.18,100862997 + shims ,DNE ,DNE ,N/A ,84293,892737,N/A ,N/A ,N/A ,0256503 (13) 0068973 (11) ,0307017 (13) 0307223 (11) ,0210484 (13) 0118190 (11) ,0310094 (13) 0310086 (11) ,13/16 5/8 ,60 26
268,Pump S ,950/738 ,1.5,Maximus Protector (FS) MaxJoint ,540/540 ,1.18,100862997 + shims ,DNE ,DNE ,N/A ,84293,892737,N/A ,N/A ,N/A ,0256503 (13) 0068973 (11) ,0307017 (13) 0307223 (11) ,0210484 (13) 0118190 (11) ,0310094 (13) 0310086 (11) ,13/16 5/8 ,60 26
269,Pump S ,950/738 ,1.5,Maximus Protector (FS) MaxJoint ,540/562 ,1.18,100862997 + shims ,DNE ,DNE ,N/A ,84293,892737,N/A ,N/A ,N/A ,0256503 (13) 0068973 (11) ,0307017 (13) 0307223 (11) ,0210484 (13) 0118190 (11) ,0310094 (13) 0310086 (11) ,13/16 5/8 ,60 26
270,Pump S/LT ,1000/738 ,1.75,Maximus Protector (FS) MaxJoint ,540/540 ,1.18,101011849 + shims ,DNE ,DNE ,N/A ,84293,892737,N/A ,N/A ,N/A ,0256503 (13) 0068973 (11) ,0307017 (13) 0307223 (11) ,0210484 (13) 0118190 (11) ,0310094 (13) 0310086 (11) ,13/16 5/8 ,60 26
271,Pump S/LT ,1000/738 ,1.75,Maximus Protector (FS) MaxJoint ,540/562 ,1.18,101011849 + shims ,DNE ,DNE ,N/A ,84293,892737,N/A ,N/A ,N/A ,0256503 (13) 0068973 (11) ,0307017 (13) 0307223 (11) ,0210484 (13) 0118190 (11) ,0310094 (13) 0310086 (11) ,13/16 5/8 ,60 26
272,Pump S ,1125/738 ,1.5,Maximus Protector (FS) MaxJoint ,540/540 ,1.18,100862997 + shims ,DNE ,DNE ,N/A ,84293,892737,N/A ,N/A ,N/A ,0256503 (13) 0068973 (11) ,0307017 (13) 0307223 (11) ,0210484 (13) 0118190 (11) ,0310094 (13) 0310086 (11) ,13/16 5/8 ,60 26
273,Pump S ,1125/738 ,1.5,Maximus Protector (FS) MaxJoint ,540/562 ,1.18,100862997 + shims ,DNE ,DNE ,N/A ,84293,892737,N/A ,N/A ,N/A ,0256503 (13) 0068973 (11) ,0307017 (13) 0307223 (11) ,0210484 (13) 0118190 (11) ,0310094 (13) 0310086 (11) ,13/16 5/8 ,60 26
274,Pump S ,1125/738 ,1.62,Maximus Protector (FS) MaxJoint ,540/540 ,1.18,DNE ,DNE ,101223969,N/A ,84293,892737,N/A ,N/A ,N/A ,0256503 (13) 0068973 (11) ,0307017 (13) 0307223 (11) ,0210484 (13) 0118190 (11) ,0310094 (13) 0310086 (11) ,13/16 5/8 ,60 26
275,Pump S ,1125/738 ,1.62,Maximus Protector (FS) MaxJoint ,540/562 ,1.18,DNE ,DNE ,101223969,N/A ,84293,892737,N/A ,N/A ,N/A ,0256503 (13) 0068973 (11) ,0307017 (13) 0307223 (11) ,0210484 (13) 0118190 (11) ,0310094 (13) 0310086 (11) ,13/16 5/8 ,60 26
